類型代號	公司代號	公司名稱	受益憑證代號	基金統編	基金名稱	幣別	淨值	前一日淨值	漲跌
AA1	A0001	兆豐國際投信	T0102Y	00965469	兆豐國際第一基金	TWD	12.6	12.68	-0.08
AB1	A0001	兆豐國際投信	T0105Y	00971976	兆豐國際萬全基金	TWD	16.48	16.56	-0.08
AA2	A0001	兆豐國際投信	T0104Y	00992769	兆豐國際全球基金	TWD	33.08	33.05	0.03
AA1	A0001	兆豐國際投信	T0103Y	01050148	兆豐國際國民基金	TWD	22.86	22.89	-0.03
AA1	A0001	兆豐國際投信	T0110Y	10341837	兆豐國際豐台灣基金	TWD	27.5	27.56	-0.06
AA2	A0001	兆豐國際投信	T0109Y	14699772	兆豐國際生命科學基金	TWD	20.31	19.98	0.33
AD1	A0001	兆豐國際投信	T0101Y	18044796	兆豐國際寶鑽貨幣市場基金	TWD	12.3121	12.3119	0.0002
AA2	A0001	兆豐國際投信	T0112Y	25637773	兆豐國際綠鑽基金	TWD	8.13	8.14	-0.01
AA2	A0001	兆豐國際投信	T0114Y	26278352	兆豐國際全球高股息基金	TWD	10.16	10.12	0.04
AA2	A0001	兆豐國際投信	T0115Y	26299315	兆豐國際民生動力基金	TWD	10.26	10.28	-0.02
AE22	A0001	兆豐國際投信	T0116A	31829638A	兆豐國際全球債券組合基金A(累積型)	TWD	10.55	10.53	0.02
AE22	A0001	兆豐國際投信	T0116Y	31829638B	兆豐國際全球債券組合基金B(月配型)	TWD	10.52	10.5	0.02
AC23	A0001	兆豐國際投信	T0007A	31923107A	兆豐國際新興市場高收益債券基金A(累積型)	TWD	9.5579	9.5558	0.0021
AC23	A0001	兆豐國際投信	T0117B	31923107B	兆豐國際新興市場高收益債券基金B(月配型)	TWD	8.7623	8.7604	0.0019
AD2	A0001	兆豐國際投信	T0118Y	38522710	兆豐國際人民幣貨幣市場基金	CNY	10.2351	10.2342	0.0009
AA2	A0001	兆豐國際投信	T0119A	38592074A	兆豐國際中國A股基金(台幣)	TWD	13.75	13.79	-0.04
AA2	A0001	兆豐國際投信	T0119B	38592074B	兆豐國際中國A股基金(美金)	USD	13.12	13.23	-0.11
AA1	A0001	兆豐國際投信	T0108Y	73991751	兆豐國際電子基金	TWD	20.82	21.06	-0.24
AA1	A0001	兆豐國際投信	T0107Y	81584996	兆豐國際中小基金	TWD	12.66	12.69	-0.03
AD1	A0003	第一金投信	T0306Y	01032249	第一金全家福貨幣市場基金	TWD	175.288	175.285	0.003
AA2	A0003	第一金投信	T0331Y	10338642	第一金全球大趨勢基金	TWD	18.79	18.48	0.31
AA1	A0003	第一金投信	T0318Y	15739619	第一金大中華基金	TWD	19.99	20.31	-0.32
AA2	A0003	第一金投信	T0316Y	17612378	第一金亞洲科技基金	TWD	15.21	15.37	-0.16
AA1	A0003	第一金投信	T0314Y	19341318	第一金電子基金	TWD	26.64	26.79	-0.15
AD1	A0003	第一金投信	T0310Y	20081472	第一金台灣貨幣市場基金	TWD	15.0216	15.0214	0.0002
AA1	A0003	第一金投信	T0311Y	20092528	第一金店頭市場基金	TWD	7.69	7.76	-0.07
AC23	A0003	第一金投信	T0332A	25593418A	第一金全球高收益債券基金A	TWD	14.2059	14.1788	0.0271
AC23	A0003	第一金投信	T0332B	25593418B	第一金全球高收益債券基金B	TWD	10.5293	10.5092	0.0201
AC23	A0003	第一金投信	T0332C	25593418C	第一金全球高收益債券基金A-美元	USD	9.41	9.4118	-0.0018
AC23	A0003	第一金投信	T0332D	25593418D	第一金全球高收益債券基金B-美元	USD	9.2352	9.237	-0.0018
AA2	A0003	第一金投信	T0334Y	25620512A	第一金中國世紀基金	TWD	9.35	9.38	-0.03
AA2	A0003	第一金投信	T0334A	25620512B	第一金中國世紀基金-人民幣	CNY	11.33	11.43	-0.1
AA2	A0003	第一金投信	T0335Y	25652648	第一金亞洲新興市場基金	TWD	11.92	11.91	0.01
AA1	A0003	第一金投信	T0336Y	26202396	第一金創新趨勢基金	TWD	14.24	14.44	-0.2
AC21	A0003	第一金投信	T0337A	26297013A	第一金新興市場投資等級債券基金A	TWD	9.472	9.4273	0.0447
AC21	A0003	第一金投信	T0337B	26297013B	第一金新興市場投資等級債券基金B	TWD	7.7938	7.757	0.0368
AC21	A0003	第一金投信	T0341A	31887361A	第一金全球企業社會責任投資等級債券基金A	TWD	10.3599	10.338	0.0219
AC21	A0003	第一金投信	T0341B	31887361B	第一金全球企業社會責任投資等級債券基金B	TWD	9.5461	9.5259	0.0202
AA2	A0003	第一金投信	T0342Y	31909908	第一金全球資源基金	TWD	9	8.98	0.02
AB2	A0003	第一金投信	T0343A	38539992A	第一金全球多重資產入息平衡基金(累積型)	TWD	10.3105	10.3297	-0.0192
AB2	A0003	第一金投信	T0343B	38539992B	第一金全球多重資產入息平衡基金(配息型)	TWD	10.1908	10.2098	-0.019
AG	A0003	第一金投信	T0326A	48892846A	第一金全球不動產證券化基金A	TWD	8.2852	8.3218	-0.0366
AG	A0003	第一金投信	T0326B	48892846B	第一金全球不動產證券化基金B	TWD	6.4838	6.5125	-0.0287
AA1	A0003	第一金投信	T0313Y	73989002	第一金小型精選基金	TWD	24.66	24.82	-0.16
AB1	A0003	第一金投信	T0320Y	99353151	第一金中概平衡基金	TWD	19.82	19.96	-0.14
AB1	A0004	匯豐中華投信	T0405Y	00971080	匯豐安富基金	TWD	22.66	22.79	-0.13
AA1	A0004	匯豐中華投信	T0408Y	01031298	匯豐龍鳳基金	TWD	41.88	42.3	-0.42
AA2	A0004	匯豐中華投信	T0417Y	18031954	匯豐太平洋精典基金	TWD	14.69	14.82	-0.13
AA2	A0004	匯豐中華投信	T0436Y	25500903	匯豐中國動力基金	TWD	14.45	14.5	-0.05
AE22	A0004	匯豐中華投信	T0438Y	25617919	匯豐雙高收益債券組合基金	TWD	11.7448	11.7303	0.0145
AA2	A0004	匯豐中華投信	T0439Y	25651866	匯豐黃金及礦業股票型基金	TWD	5.07	5.16	-0.09
AC21	A0004	匯豐中華投信	T0440A	25695077A	匯豐資源豐富國家債券基金-累積型	TWD	9.8468	9.9131	-0.0663
AC21	A0004	匯豐中華投信	T0440B	25695077B	匯豐資源豐富國家債券基金-月配型	TWD	7.4504	7.5166	-0.0662
AC23	A0004	匯豐中華投信	T0443A	26286281A	匯豐亞洲高收益債券基金-累積型	TWD	11.2154	11.2143	0.0011
AC23	A0004	匯豐中華投信	T0443B	26286281B	匯豐亞洲高收益債券基金-月配型	TWD	9.1866	9.1855	0.0011
AA2	A0004	匯豐中華投信	T0447Y	26335699	匯豐拉丁美洲基金	TWD	8.15	8.17	-0.02
AC23	A0004	匯豐中華投信	T0449Y	26396604A	匯豐中國點心高收益債券基金(台幣不配息)	TWD	10.912	10.913	-0.001
AC23	A0004	匯豐中華投信	T0449A	26396604B	匯豐中國點心高收益債券基金(人民幣不配息)	CNY	2.2456	2.246	-0.0004
AC23	A0004	匯豐中華投信	T0449B	26396604C	匯豐中國點心高收益債券基金(人民幣配息)	CNY	2.1186	2.1195	-0.0009
AC23	A0004	匯豐中華投信	T0449C	26396604D	匯豐中國點心高收益債券基金(台幣配息)	TWD	10.5159	10.5169	-0.001
AC23	A0004	匯豐中華投信	T0449D	26396604E	匯豐中國點心高收益債券基金(美元不配息)	USD	0.358	0.3582	-0.0002
AC23	A0004	匯豐中華投信	T0449E	26396604F	匯豐中國點心高收益債券基金(美元配息)	USD	0.3447	0.3449	-0.0002
AA2	A0004	匯豐中華投信	T0453Y	38482745	匯豐中國A股匯聚基金	TWD	12.88	12.94	-0.06
AA2	A0004	匯豐中華投信	T0425Y	48686374	匯豐金磚動力基金	TWD	12.56	12.67	-0.11
AE22	A0004	匯豐中華投信	T0427Y	48745129	匯豐五福全球債券組合基金	TWD	13.0875	13.0588	0.0287
AA2	A0004	匯豐中華投信	T0428Y	48784327	匯豐新鑽動力基金	TWD	10.07	10.15	-0.08
AE21	A0004	匯豐中華投信	T0429Y	48865209	匯豐全球趨勢組合基金	TWD	10.68	10.51	0.17
AA2	A0004	匯豐中華投信	T0431Y	48925001	匯豐全球關鍵資源基金	TWD	7.5	7.48	0.02
AA1	A0004	匯豐中華投信	T0415Y	73987671	匯豐台灣精典基金	TWD	19.83	20.02	-0.19
AA1	A0004	匯豐中華投信	T0406Y	76941376	匯豐成功基金	TWD	32.33	32.55	-0.22
AA1	A0004	匯豐中華投信	T0410Y	92017794	匯豐龍騰電子基金	TWD	28.6	28.94	-0.34
AD1	A0004	匯豐中華投信	T0411Y	92025871	匯豐富泰貨幣市場基金	TWD	15.707	15.7068	0.0002
AD1	A0004	匯豐中華投信	T0413Y	97993027	匯豐富泰二號貨幣市場基金	TWD	14.8669	14.8667	0.0002
AA1	A0004	匯豐中華投信	T0414Y	97995664	匯豐中小基金	TWD	8.59	8.67	-0.08
AA1	A0005	元大寶來投信	T0567Y	00974066	元大寶來2001基金	TWD	50.37	50.99	-0.62
AA1	A0005	元大寶來投信	T0502Y	01032058	元大寶來多福基金	TWD	51.04	51.66	-0.62
AH1	A0005	元大寶來投信	0060	10342511	元大寶來新台灣基金	TWD	31.86	32.04	-0.18
AA2	A0005	元大寶來投信	T0553Y	10348058	元大寶來全球農業商機基金	TWD	17.14	17	0.14
AD1	A0005	元大寶來投信	T0571Y	13530495	元大寶來得寶貨幣市場基金	TWD	11.8163	11.8161	0.0002
AA1	A0005	元大寶來投信	T0572Y	14542287	元大寶來精準中小基金	TWD	17.51	17.67	-0.16
AA2	A0005	元大寶來投信	T0519Y	14696466	元大寶來全球成長基金	TWD	18.22	18.08	0.14
AA1	A0005	元大寶來投信	T0513Y	17139204	元大寶來新主流基金	TWD	18.98	19.21	-0.23
AA1	A0005	元大寶來投信	T0516Y	18036281	元大寶來巴菲特基金	TWD	21.4	21.54	-0.14
AA1	A0005	元大寶來投信	T0506Y	20080023	元大寶來店頭基金	TWD	7.34	7.41	-0.07
AD1	A0005	元大寶來投信	T0507Y	20081331	元大寶來萬泰貨幣市場基金	TWD	14.8957	14.8955	0.0002
AG	A0005	元大寶來投信	T0576A	21718388A	元大寶來全球不動產證券化基金(A)-不配息型	TWD	11.85	11.95	-0.1
AG	A0005	元大寶來投信	T0576B	21718388B	元大寶來全球不動產證券化基金(B)-配息型	TWD	8.87	8.94	-0.07
AA2	A0005	元大寶來投信	T0556Y	25520400	元大寶來新中國基金	TWD	8.49	8.53	-0.04
AI2	A0005	元大寶來投信	T0581Y	25591306	元大寶來大中華價值指數基金	TWD	15.5	15.568	-0.068
AH2	A0005	元大寶來投信	0061	25610486	元大寶來標智滬深300基金	TWD	17.3	17.47	-0.17
AA2	A0005	元大寶來投信	T0557Y	25622390	元大寶來印度基金	TWD	11.09	11.04	0.05
AE22	A0005	元大寶來投信	T0583A	25638920A	元大寶來全球靈活配置債券組合基金(A)-不配息型	TWD	11.01	10.95	0.06
AE22	A0005	元大寶來投信	T0583B	25638920B	元大寶來全球靈活配置債券組合基金(B)-配息型	TWD	10.96	10.9	0.06
AA2	A0005	元大寶來投信	T0558Y	25643156	元大寶來新興亞洲基金	TWD	9.91	9.94	-0.03
AI2	A0005	元大寶來投信	T0586Y	26203825	元大寶來印度指數基金	TWD	10.044	10.044	0
AI2	A0005	元大寶來投信	T0587Y	26203846	元大寶來印尼指數基金	TWD	9.544	9.596	-0.052
AI2	A0005	元大寶來投信	T0585Y	26203851	元大寶來巴西指數基金	TWD	5.548	5.567	-0.019
AA2	A0005	元大寶來投信	T0560Y	26206323	元大寶來華夏中小基金	TWD	7.65	7.71	-0.06
AH1	A0005	元大寶來投信	006201	26282102	元大寶來富櫃50基金	TWD	12.39	12.46	-0.07
AE22	A0005	元大寶來投信	T0561A	26283518A	元大寶來新興市場債券組合基金-不配息型	TWD	10.8712	10.8016	0.0696
AE22	A0005	元大寶來投信	T0561B	26283518B	元大寶來新興市場債券組合基金-配息型	TWD	9.4452	9.3847	0.0605
AC21	A0005	元大寶來投信	T0588A	26297576A	元大寶來全球國富債券基金(A)-不配息型	TWD	8.7258	8.6991	0.0267
AC21	A0005	元大寶來投信	T0588B	26297576B	元大寶來全球國富債券基金(B)-配息型	TWD	6.8634	6.8424	0.021
AH1	A0005	元大寶來投信	006203	26306553	元大寶來摩臺基金	TWD	32.83	33.21	-0.38
AI1	A0005	元大寶來投信	T0564Y	26307568	元大寶來台股指數基金	TWD	11.022	11.108	-0.086
AA2	A0005	元大寶來投信	T0589Y	26326707	元大寶來新興市場ESG策略基金	TWD	12.02	12.06	-0.04
AC23	A0005	元大寶來投信	T0566Y	26394367	元大寶來中國高收益點心債券基金	TWD	10.9231	10.8963	0.0268
AB2	A0005	元大寶來投信	T0591Y	31830473A	元大寶來中國平衡基金-新台幣	TWD	11.67	11.68	-0.01
AB2	A0005	元大寶來投信	T0591A	31830473B	元大寶來中國平衡基金-人民幣	CNY	2.32	2.34	-0.02
AH2	A0005	元大寶來投信	006206	31830488	元大寶來上證50基金	TWD	29.35	29.71	-0.36
AI2	A0005	元大寶來投信	T0593A	31931789A	元大寶來亞太政府公債指數基金(A)-不配息型	TWD	9.3219	9.2811	0.0408
AI2	A0005	元大寶來投信	T0593B	31931789B	元大寶來亞太政府公債指數基金(B)-配息型	TWD	8.6976	8.6595	0.0381
AC21	A0005	元大寶來投信	T0594A	38546950A	元大寶來中國機會債券基金-新台幣	TWD	10.5371	10.484	0.0531
AC21	A0005	元大寶來投信	T0594B	38546950B	元大寶來中國機會債券基金-人民幣(A)不配息	CNY	10.0815	10.0854	-0.0039
AC21	A0005	元大寶來投信	T0594C	38546950C	元大寶來中國機會債券基金-人民幣(B)配息	CNY	9.9954	9.9993	-0.0039
AD2	A0005	元大寶來投信	T0595A	38546966A	元大寶來人民幣貨幣市場基金-新台幣	TWD	10.6022	10.5438	0.0584
AD2	A0005	元大寶來投信	T0595B	38546966B	元大寶來人民幣貨幣市場基金-人民幣	CNY	10.1582	10.1573	0.0009
AH1	A0005	元大寶來投信		38619904	元大寶來台灣50單日正向2倍基金	TWD	22.25	22.74	-0.49
AH1	A0005	元大寶來投信		38619910	元大寶來台灣50單日反向1倍基金	TWD	18.75	18.56	0.19
AA2	A0005	元大寶來投信	T0596A	38639090A	元大寶來大中華TMT基金-新台幣	TWD	10.01	10	0.01
AA2	A0005	元大寶來投信	T0596B	38639090B	元大寶來大中華TMT基金-人民幣	CNY	10	10.04	-0.04
AA2	A0005	元大寶來投信	T0537Y	48708243	元大寶來亞太成長基金	TWD	10.83	10.85	-0.02
AA2	A0005	元大寶來投信	T0538Y	48753324	元大寶來泛歐成長基金	TWD	9.16	9.11	0.05
AE21	A0005	元大寶來投信	T0577Y	48760113	元大寶來全球新興市場精選組合基金	TWD	13.08	13.11	-0.03
AH1	A0005	元大寶來投信	0051	48772770	元大寶來台灣中型100基金	TWD	30.28	30.46	-0.18
AE21	A0005	元大寶來投信	T0578Y	48789815	元大寶來全球ETF成長組合基金	TWD	10.31	10.23	0.08
AC22	A0005	元大寶來投信	T0539A	48849362A	元大寶來全球滿意入息基金-不配息型	TWD	11.26	11.22	0.04
AC22	A0005	元大寶來投信	T0539B	48849362B	元大寶來全球滿意入息基金-配息型	TWD	8.35	8.32	0.03
AG	A0005	元大寶來投信	T0542A	48885346A	元大寶來全球地產建設入息基金-不配息型	TWD	8.75	8.75	0
AG	A0005	元大寶來投信	T0542B	48885346B	元大寶來全球地產建設入息基金-配息型	TWD	7.27	7.27	0
AH1	A0005	元大寶來投信	0055	48903175	元大寶來台灣金融基金	TWD	14.53	14.63	-0.1
AH1	A0005	元大寶來投信	0054	48903180	元大寶來台商收成基金	TWD	23.25	23.45	-0.2
AH1	A0005	元大寶來投信	0053	48903196	元大寶來台灣電子科技基金	TWD	29.9	30.28	-0.38
AA2	A0005	元大寶來投信	T0546A	48952816A	元大寶來全球公用能源效率基金-不配息型	TWD	8.48	8.38	0.1
AA2	A0005	元大寶來投信	T0546B	48952816B	元大寶來全球公用能源效率基金-配息型	TWD	6.81	6.73	0.08
AH1	A0005	元大寶來投信	0056	48966213	元大寶來台灣高股息基金	TWD	24.81	24.99	-0.18
AA1	A0005	元大寶來投信	T0510Y	77537509	元大寶來多元基金	TWD	11.01	11.1	-0.09
AA1	A0005	元大寶來投信	T0508Y	81584335	元大寶來高科技基金	TWD	12.4	12.52	-0.12
AA1	A0005	元大寶來投信	T0509Y	83863951	元大寶來經貿基金	TWD	28.53	28.79	-0.26
AA1	A0005	元大寶來投信	T0503Y	92001765	元大寶來多多基金	TWD	15.75	15.91	-0.16
AA1	A0005	元大寶來投信	T0568Y	92004566	元大寶來績效基金	TWD	35.81	36.21	-0.4
AD1	A0005	元大寶來投信	T0569Y	92017204	元大寶來得利貨幣市場基金	TWD	16.0246	16.0244	0.0002
AA1	A0005	元大寶來投信	T0504Y	92026219	元大寶來卓越基金	TWD	40.41	40.84	-0.43
AB1	A0005	元大寶來投信	T0518Y	98636553	元大寶來雙盈基金	TWD	23.96	24.15	-0.19
AH1	A0005	元大寶來投信	0050	98764389	元大寶來台灣卓越50基金	TWD	68.47	69.31	-0.84
AI1	A0005	元大寶來投信	T0574Y	99346928	元大寶來台灣加權股價指數基金	TWD	19.039	19.209	-0.17
AE23	A0005	元大寶來投信	T0575Y	99967974	元大寶來全球ETF穩健組合基金	TWD	14.3	14.22	0.08
AA2	A0006	景順投信	T0609Y	14687516	景順全球康健基金	TWD	18.3	18.09	0.21
AA1	A0006	景順投信	T0606Y	17140568	景順主流基金	TWD	16.1	16.19	-0.09
AB1	A0006	景順投信	T0607Y	17606713	景順平衡基金	TWD	11.14	11.21	-0.07
AC21	A0006	景順投信	T0612A	38522556A	景順人民幣新興亞太入息基金累積型新台幣	TWD	10.0148	9.9663	0.0485
AC21	A0006	景順投信	T0612B	38522556B	景順人民幣新興亞太入息基金月配型新台幣	TWD	9.7177	9.6707	0.047
AC21	A0006	景順投信	T0612C	38522556C	景順人民幣新興亞太入息基金累積型美元	USD	9.7256	9.7353	-0.0097
AC21	A0006	景順投信	T0612D	38522556D	景順人民幣新興亞太入息基金月配型美元	USD	9.4354	9.4449	-0.0095
AC21	A0006	景順投信	T0612E	38522556E	景順人民幣新興亞太入息基金累積型人民幣	CNY	9.8106	9.8173	-0.0067
AC21	A0006	景順投信	T0612F	38522556F	景順人民幣新興亞太入息基金月配型人民幣	CNY	9.5283	9.5348	-0.0065
AA1	A0006	景順投信	T0605Y	73989256	景順台灣科技基金	TWD	27.16	27.42	-0.26
AA1	A0006	景順投信	T0601Y	92019786	景順潛力基金	TWD	30.08	30.27	-0.19
AD1	A0006	景順投信	T0602Y	92025942	景順貨幣市場基金	TWD	15.7498	15.7496	0.0002
AA2	A0006	景順投信	T0603Y	97993482	景順全球科技基金	TWD	13.28	13.14	0.14
AA2	A0007	瀚亞投信	T0733Y	10310200	瀚亞全球綠色金脈基金	TWD	13.59	13.55	0.04
AA2	A0007	瀚亞投信	T0735Y	10357632A	瀚亞非洲基金-新臺幣	TWD	20.68	20.7	-0.02
AA2	A0007	瀚亞投信	T0735B	10357632B	瀚亞非洲基金-南非幣	ZAR	10.66	10.72	-0.06
AA2	A0007	瀚亞投信	T0718Y	14692623	瀚亞美國高科技基金	TWD	16.68	16.48	0.2
AA1	A0007	瀚亞投信	T0715Y	17603899	瀚亞電通網基金	TWD	11.59	11.72	-0.13
AA2	A0007	瀚亞投信	T0716Y	17611814	瀚亞歐洲基金	TWD	10.2	10.13	0.07
AB1	A0007	瀚亞投信	T0717Y	18036769	瀚亞理財通基金	TWD	21.6	21.71	-0.11
AA2	A0007	瀚亞投信	T0723Y	21704130	瀚亞印度基金	TWD	26.37	26.16	0.21
AA2	A0007	瀚亞投信	T0736Y	25633559	瀚亞巴西基金	TWD	4.84	4.83	0.01
AC23	A0007	瀚亞投信	T0737A	26257384A	瀚亞全球高收益債券基金A-新台幣	TWD	11.9356	11.9124	0.0232
AC23	A0007	瀚亞投信	T0737B	26257384B	瀚亞全球高收益債券基金B-新台幣	TWD	9.3855	9.3673	0.0182
AC23	A0007	瀚亞投信	T0737C	26257384C	瀚亞全球高收益債券基金C-新台幣	TWD	11.1037	11.0821	0.0216
AC23	A0007	瀚亞投信	T0737D	26257384D	瀚亞全球高收益債券基金A-美元	USD	9.6515	9.6431	0.0084
AC23	A0007	瀚亞投信	T0737E	26257384E	瀚亞全球高收益債券基金B-美元	USD	9.2484	9.2399	0.0085
AC23	A0007	瀚亞投信	T0737F	26257384F	瀚亞全球高收益債券基金A-澳幣	AUD	9.6285	9.6986	-0.0701
AC23	A0007	瀚亞投信	T0737G	26257384G	瀚亞全球高收益債券基金B-澳幣	AUD	8.9913	9.0567	-0.0654
AC23	A0007	瀚亞投信	T0737H	26257384H	瀚亞全球高收益債券基金A-人民幣	CNY	9.6057	9.6253	-0.0196
AC23	A0007	瀚亞投信	T0737J	26257384I	瀚亞全球高收益債券基金B-人民幣	CNY	9.3656	9.3846	-0.019
AA2	A0007	瀚亞投信	T0739Y	26384902	瀚亞中國基金	TWD	12.73	12.83	-0.1
AC21	A0007	瀚亞投信	T0740A	31835499A	瀚亞新興亞洲當地貨幣債券基金A類型	TWD	10.5615	10.5311	0.0304
AC21	A0007	瀚亞投信	T0740B	31835499B	瀚亞新興亞洲當地貨幣債券基金B類型	TWD	9.3478	9.3209	0.0269
AC23	A0007	瀚亞投信	T0742A	31902573A	瀚亞縱橫全球高收益債券基金A類型	TWD	9.6226	9.6271	-0.0045
AC23	A0007	瀚亞投信	T0742B	31902573B	瀚亞縱橫全球高收益債券基金B類型	TWD	8.5214	8.5254	-0.004
AC21	A0007	瀚亞投信	T0746A	31999540A	瀚亞新興南非蘭特債券基金A類型	ZAR	11.5418	11.4844	0.0574
AC21	A0007	瀚亞投信	T0746B	31999540B	瀚亞新興南非蘭特債券基金B類型	ZAR	10.5439	10.4915	0.0524
AB2	A0007	瀚亞投信	T0747A	38621330A	瀚亞亞太豐收平衡基金A-新台幣	TWD	10.1117	10.1211	-0.0094
AB2	A0007	瀚亞投信	T0747B	38621330B	瀚亞亞太豐收平衡基金B-新台幣	TWD	10.1117	10.1211	-0.0094
AB2	A0007	瀚亞投信	T0747C	38621330C	瀚亞亞太豐收平衡基金A-美元	USD	9.9692	10.0059	-0.0367
AB2	A0007	瀚亞投信	T0747D	38621330D	瀚亞亞太豐收平衡基金B-美元	USD	9.9694	10.0057	-0.0363
AB2	A0007	瀚亞投信	T0747E	38621330E	瀚亞亞太豐收平衡基金A-澳幣	AUD	10.2124	10.1869	0.0255
AB2	A0007	瀚亞投信	T0747F	38621330F	瀚亞亞太豐收平衡基金B-澳幣	AUD	10.2205	10.1948	0.0257
AB2	A0007	瀚亞投信	T0747G	38621330G	瀚亞亞太豐收平衡基金A-南非幣	ZAR	10.0773	10.1265	-0.0492
AB2	A0007	瀚亞投信	T0747H	38621330H	瀚亞亞太豐收平衡基金B-南非幣	ZAR	10.0777	10.1268	-0.0491
AB2	A0007	瀚亞投信	T0747J	38621330I	瀚亞亞太豐收平衡基金A-人民幣	CNY	10.027	10.0768	-0.0498
AB2	A0007	瀚亞投信	T0747K	38621330J	瀚亞亞太豐收平衡基金B-人民幣	CNY	10.0753	10.1173	-0.042
AA2	A0007	瀚亞投信	T0727Y	48733897A	瀚亞亞太高股息基金A-新台幣	TWD	14.46	14.52	-0.06
AA2	A0007	瀚亞投信	T0727B	48733897B	瀚亞亞太高股息基金B-新台幣	TWD	10.18	10.22	-0.04
AA2	A0007	瀚亞投信	T0727C	48733897C	瀚亞亞太高股息基金A-美金	USD	9.95	10.05	-0.1
AA2	A0007	瀚亞投信	T0727D	48733897D	瀚亞亞太高股息基金B-美金	USD	9.94	10.03	-0.09
AA2	A0007	瀚亞投信	T0727E	48733897E	瀚亞亞太高股息基金A-人民幣	CNY	10.22	10.33	-0.11
AA2	A0007	瀚亞投信	T0727F	48733897F	瀚亞亞太高股息基金B-人民幣	CNY	10.13	10.24	-0.11
AE22	A0007	瀚亞投信	T0728Y	48801000A	瀚亞精選傘型基金之債券精選組合基金A類型	TWD	13.1975	13.1457	0.0518
AE22	A0007	瀚亞投信	T0728B	48801000B	瀚亞精選傘型基金之債券精選組合基金B類型	TWD	12.3808	12.3323	0.0485
AE21	A0007	瀚亞投信	T0729Y	48801016	瀚亞精選傘型基金之趨勢精選組合基金	TWD	13.33	13.4	-0.07
AG	A0007	瀚亞投信	T0730A	48836541A	瀚亞亞太不動產證券化證券投資信託基金A類型	TWD	10.6	10.64	-0.04
AG	A0007	瀚亞投信	T0730B	48836541B	瀚亞亞太不動產證券化證券投資信託基金B類型	TWD	10.01	10.05	-0.04
AA2	A0007	瀚亞投信	T0732Y	48885958	瀚亞亞太基礎建設基金	TWD	11.64	11.67	-0.03
AA1	A0007	瀚亞投信	T0711Y	81595924	瀚亞中小型股基金	TWD	15.1	15.26	-0.16
AD1	A0007	瀚亞投信	T0712Y	83867345	瀚亞威寶貨幣市場基金	TWD	13.3693	13.3691	0.0002
AA1	A0007	瀚亞投信	T0704Y	92003102	瀚亞高科技基金	TWD	47.24	47.79	-0.55
AA1	A0007	瀚亞投信	T0705Y	92012572	瀚亞外銷基金	TWD	31.47	31.78	-0.31
AA1	A0007	瀚亞投信	T0708Y	97990696	瀚亞菁華基金	TWD	17.38	17.5	-0.12
AE23	A0007	瀚亞投信	T0722Y	99967806A	瀚亞股債入息組合基金A類型	TWD	13.2865	13.2751	0.0114
AE23	A0007	瀚亞投信	T0722B	99967806B	瀚亞股債入息組合基金B類型	TWD	12.9327	12.9216	0.0111
AA1	A0008	保德信投信	T0802Y	01032183	保德信高成長基金	TWD	75.15	75.8	-0.65
AA2	A0008	保德信投信	T0828Y	10307155	保德信全球消費商機基金	TWD	16.12	15.92	0.2
AA1	A0008	保德信投信	T0815Y	13528977	保德信台商全方位基金	TWD	26.98	27.23	-0.25
AA2	A0008	保德信投信	T0816Y	14692638	保德信全球醫療生化基金	TWD	34.09	33.85	0.24
AA1	A0008	保德信投信	T0812Y	17602625	保德信新世紀基金	TWD	9.08	9.13	-0.05
AB1	A0008	保德信投信	T0814Y	18044064	保德信金平衡基金	TWD	23.64	23.78	-0.14
AC12	A0008	保德信投信	T0811Y	20089122	保德信瑞騰基金	TWD	15.2421	15.2413	0.0008
AA1	A0008	保德信投信	T0807Y	20097447	保德信第一基金	TWD	22.55	22.8	-0.25
AA2	A0008	保德信投信	T0829Y	25618488	保德信全球優質股息成長基金	TWD	12.89	12.81	0.08
AA2	A0008	保德信投信	T0830Y	25674811	保德信拉丁美洲基金	TWD	7.03	7.03	0
AC21	A0008	保德信投信	T0831A	26263055A	保德信新興市場債券基金-累積型(A)	TWD	9.6204	9.6093	0.0111
AC21	A0008	保德信投信	T0831B	26263055B	保德信新興市場債券基金-月配息型(B)	TWD	7.7713	7.7622	0.0091
AA2	A0008	保德信投信	T0832Y	26290779	保德信中國品牌基金	TWD	10.08	10.07	0.01
AC21	A0008	保德信投信	T0840A	26320990A	保德信亞洲新興市場債券基金-累積型(A)	TWD	11.1114	11.0641	0.0473
AC21	A0008	保德信投信	T0840B	26320990B	保德信亞洲新興市場債券基金-月配息型(B)	TWD	9.7302	9.6889	0.0413
AA2	A0008	保德信投信	T0834Y	31814924	保德信大俄羅斯基金	TWD	7.58	7.65	-0.07
AE22	A0008	保德信投信	T0835Y	31832319A	保德信好時債組合基金-累積型(A)	TWD	10.7725	10.7481	0.0244
AE22	A0008	保德信投信	T0835B	31832319B	保德信好時債組合基金-月配息型(B)	TWD	9.963	9.9405	0.0225
AC21	A0008	保德信投信	T0860A	31968075A	保德信新興市場企業債券基金-累積型(A)	TWD	10.4497	10.4207	0.029
AC21	A0008	保德信投信	T0860B	31968075B	保德信新興市場企業債券基金-月配息型(B)	TWD	9.6333	9.6066	0.0267
AA2	A0008	保德信投信	T0836Y	38551094	保德信中國中小基金	TWD	10.5	10.51	-0.01
AA2	A0008	保德信投信	T0823Y	48745042	保德信日本基金	TWD	7.41	7.48	-0.07
AE23	A0008	保德信投信	T0824Y	48803942	保德信新興趨勢組合基金	TWD	10.73	10.71	0.02
AE23	A0008	保德信投信	T0825Y	48844280	保德信歐洲組合基金	TWD	9.94	9.8	0.14
AA2	A0008	保德信投信	T0826Y	48938250	保德信全球資源基金	TWD	7.68	7.67	0.01
AA2	A0008	保德信投信	T0827Y	48970455	保德信全球基礎建設基金	TWD	11.99	11.93	0.06
AA1	A0008	保德信投信	T0808Y	73990649	保德信科技島基金	TWD	18.7	18.9	-0.2
AA2	A0008	保德信投信	T0809Y	73998065	保德信大中華基金	TWD	23.28	23.45	-0.17
AA1	A0008	保德信投信	T0810Y	83866508	保德信中小型股基金	TWD	35.26	35.37	-0.11
AA1	A0008	保德信投信	T0803Y	92013967	保德信金滿意基金	TWD	36.98	37.43	-0.45
AA2	A0008	保德信投信	T0804Y	92029139	保德信亞太基金	TWD	19.66	19.8	-0.14
AD1	A0008	保德信投信	T0805Y	97978047	保德信貨幣市場基金	TWD	15.5276	15.5274	0.0002
AA1	A0008	保德信投信	T0806Y	97988636	保德信店頭市場基金	TWD	27.37	27.51	-0.14
AA2	A0008	保德信投信	T0817Y	98755451	保德信全球中小基金	TWD	24.12	23.92	0.2
AA1	A0009	統一投信	T0902Y	01031699	統一全天候基金	TWD	66.87	67.63	-0.76
AA1	A0009	統一投信	T0911Y	17605622	統一大滿貫基金	TWD	24.29	24.48	-0.19
AA2	A0009	統一投信	T0912Y	18030553	統一亞太基金	TWD	25.01	25.06	-0.05
AA2	A0009	統一投信	T0923Y	25637393	統一大龍印基金	TWD	16.18	16.25	-0.07
AA2	A0009	統一投信	T0924Y	26202889	統一大中華中小基金	TWD	11.13	11.17	-0.04
AA2	A0009	統一投信	T0925Y	26318517	統一新亞洲科技能源基金	TWD	14.19	14.27	-0.08
AA2	A0009	統一投信	T0927Y	31841577	統一亞洲大金磚基金	TWD	11.98	12.05	-0.07
AC21	A0009	統一投信	T0928B	31980155A	統一新興市場企業債券基金-累積型	TWD	10.0787	10.0753	0.0034
AC21	A0009	統一投信	T0928A	31980155B	統一新興市場企業債券基金-月配型	TWD	9.5095	9.5063	0.0032
AA2	A0009	統一投信	T0931Y	38592911	統一大龍騰中國基金	TWD	10.04	10.09	-0.05
AE22	A0009	統一投信	T0920Y	48783925	統一全球債券組合基金	TWD	11.8886	11.863	0.0256
AA2	A0009	統一投信	T0921Y	48863201	統一強漢基金	TWD	18.07	18.12	-0.05
AA1	A0009	統一投信	T0922Y	48934304	統一台灣動力基金	TWD	12.11	12.25	-0.14
AA1	A0009	統一投信	T0910Y	73990253	統一奔騰基金	TWD	39.52	40.01	-0.49
AA1	A0009	統一投信	T0901Y	77537493	統一統信基金	TWD	23.77	24.04	-0.27
AA1	A0009	統一投信	T0909Y	81581724	統一經建基金	TWD	29.53	29.91	-0.38
AA1	A0009	統一投信	T0903Y	92002244	統一黑馬基金	TWD	38.88	39.31	-0.43
AA1	A0009	統一投信	T0904Y	92012762	統一龍馬基金	TWD	46.32	46.75	-0.43
AD1	A0009	統一投信	T0905Y	92017176	統一強棒貨幣市場基金	TWD	16.4291	16.4289	0.0002
AA1	A0009	統一投信	T0906Y	97977878	統一中小基金	TWD	16.67	16.8	-0.13
AA1	A0010	富邦投信	T1001Y	00974018	富邦基金	TWD	9.46	9.57	-0.11
AA1	A0010	富邦投信	T1032A	10388939A	富邦台灣企業社會責任基金-A類型	TWD	13.35	13.47	-0.12
AA1	A0010	富邦投信	T1032B	10388939B	富邦台灣企業社會責任基金-B類型	TWD	11.03	11.13	-0.1
AA1	A0010	富邦投信	T1017Y	17148301	富邦台灣心基金	TWD	15.77	15.97	-0.2
AA1	A0010	富邦投信	T1010Y	20089755	富邦精銳中小基金	TWD	9.79	9.87	-0.08
AE22	A0010	富邦投信	T1033Y	26202038	富邦丰益債券組合基金	TWD	10.2899	10.2263	0.0636
AC21	A0010	富邦投信	T1034A	26275812A	富邦全球投資等級債券基金-A類型	TWD	11.0029	10.9778	0.0251
AC21	A0010	富邦投信	T1034B	26275812B	富邦全球投資等級債券基金-B類型	TWD	10.0936	10.0706	0.023
AA2	A0010	富邦投信	T1035Y	26302085	富邦農糧精選基金	TWD	10.64	10.55	0.09
AA2	A0010	富邦投信	T1037Y	26321920	富邦新興亞洲高成長基金	TWD	10.36	10.39	-0.03
AH2	A0010	富邦投信	006205	26334740	富邦上証180基金	TWD	31.01	31.36	-0.35
AC23	A0010	富邦投信	T1039A	31826230A	富邦策略高收益債券基金-A類型	TWD	11.3859	11.3663	0.0196
AC23	A0010	富邦投信	T1039B	31826230B	富邦策略高收益債券基金-B類型	TWD	10.2032	10.1856	0.0176
AC23	A0010	富邦投信	T1039C	31826230C	富邦策略高收益債券基金-C類型	TWD	10.1443	10.1269	0.0174
AH1	A0010	富邦投信	006208	31840182	富邦台灣釆吉50基金	TWD	38.87	39.34	-0.47
AC21	A0010	富邦投信	T1042A	31946404A	富邦中國債券傘型之富邦中國優質債券基金-A類型(人民幣)	CNY	10.4963	10.4975	-0.0012
AC21	A0010	富邦投信	T1042B	31946404B	富邦中國債券傘型之富邦中國優質債券基金-B類型(人民幣)	CNY	10.1111	10.1122	-0.0011
AC21	A0010	富邦投信	T1042C	31946404C	富邦中國債券傘型之富邦中國優質債券基金-A類型(美元)	USD	1.6606	1.6616	-0.001
AC21	A0010	富邦投信	T1042D	31946404D	富邦中國債券傘型之富邦中國優質債券基金-B類型(美元)	USD	1.6147	1.6157	-0.001
AC23	A0010	富邦投信	T1041A	31946426A	富邦中國債券傘型之富邦中國高收益債券基金-A類型(人民幣)	CNY	10.2365	10.2316	0.0049
AC23	A0010	富邦投信	T1041B	31946426B	富邦中國債券傘型之富邦中國高收益債券基金-B類型(人民幣)	CNY	9.4943	9.4897	0.0046
AC23	A0010	富邦投信	T1041C	31946426C	富邦中國債券傘型之富邦中國高收益債券基金-A類型(美元)	USD	1.6196	1.6196	0
AC23	A0010	富邦投信	T1041D	31946426D	富邦中國債券傘型之富邦中國高收益債券基金-B類型(美元)	USD	1.5313	1.5313	0
AD2	A0010	富邦投信	T1044A	38583188A	富邦中國貨幣市場基金-新台幣	TWD	10.4727	10.4175	0.0552
AD2	A0010	富邦投信	T1044B	38583188B	富邦中國貨幣市場基金-人民幣	CNY	10.1319	10.1309	0.001
AH2	A0010	富邦投信	00633L	38633011	富邦中國ETF傘型基金之富邦上証180單日正向兩倍基金	TWD	37.11	38.77	-1.66
AH2	A0010	富邦投信	00634R	38633027	富邦中國ETF傘型基金之富邦上証180單日反向一倍基金	TWD	13.37	13.01	0.36
AH1	A0010	富邦投信	0052	48790067	富邦台灣科技指數基金	TWD	43.25	43.88	-0.63
AA2	A0010	富邦投信	T1028Y	48908684	富邦大中華成長基金	TWD	5.56	5.6	-0.04
AH1	A0010	富邦投信	0057	48975156	富邦台灣ETF傘型基金之富邦台灣摩根指數股票型基金	TWD	41.86	42.35	-0.49
AH1	A0010	富邦投信	0059	48975162	富邦台灣ETF傘型基金之富邦台灣金融指數股票型基金	TWD	32.78	32.98	-0.2
AH1	A0010	富邦投信	0058	48977083	富邦台灣ETF傘型基金之富邦台灣發達指數股票型基金	TWD	38.49	38.85	-0.36
AA1	A0010	富邦投信	T1011Y	81585475	富邦高成長基金	TWD	17.88	18.08	-0.2
AA1	A0010	富邦投信	T1012Y	83864683	富邦科技基金	TWD	17.91	18.13	-0.22
AA1	A0010	富邦投信	T1004Y	92002384	富邦精準基金	TWD	40.21	40.7	-0.49
AA1	A0010	富邦投信	T1005Y	92010477	富邦長紅基金	TWD	46.83	47.46	-0.63
AA1	A0010	富邦投信	T1006Y	92010770	富邦台灣鳳凰基金	TWD	618.53	624.39	-5.86
AD1	A0010	富邦投信	T1008Y	97980579	富邦吉祥貨幣市場基金	TWD	15.4267	15.4264	0.0003
AG	A0010	富邦投信	T1026Y	99991502	富邦全球不動產基金	TWD	8.66	8.67	-0.01
AA1	A0011	摩根投信	T1101Y	00974039	摩根台灣基金	TWD	10.73	10.83	-0.1
AA1	A0011	摩根投信	T1102Y	01032162	摩根台灣增長基金	TWD	42.58	42.95	-0.37
AA2	A0011	摩根投信	T1130Y	10313109	摩根東方內需機會基金	TWD	13.63	13.71	-0.08
AA2	A0011	摩根投信	T1131Y	10348445	摩根金龍收成基金	TWD	17.36	17.57	-0.21
AA1	A0011	摩根投信	T1112Y	17144945	摩根價值成長基金	TWD	15.99	16.14	-0.15
AB1	A0011	摩根投信	T1114Y	18036846	摩根平衡基金	TWD	25.63	25.73	-0.1
AA2	A0011	摩根投信	T1109Y	20096209	摩根東方科技基金	TWD	23.64	23.87	-0.23
AB2	A0011	摩根投信	T1120A	21704027A	摩根亞太高息平衡基金-累積型	TWD	12.7297	12.7346	-0.0049
AB2	A0011	摩根投信	T1120B	21704027B	摩根亞太高息平衡基金-季配息型	TWD	11.4636	11.4681	-0.0045
AA2	A0011	摩根投信	T1134Y	25627402	摩根中國亮點基金	TWD	11.03	11.14	-0.11
AA1	A0011	摩根投信	T1135Y	25636367	摩根台灣金磚基金	TWD	15.7	15.79	-0.09
AA2	A0011	摩根投信	T1136Y	25684986	摩根新金磚五國基金	TWD	9.85	9.87	-0.02
AE22	A0011	摩根投信	T1137Y	26279269A	摩根總收益組合基金-累積型	TWD	10.9569	10.9323	0.0246
AE22	A0011	摩根投信	T1137B	26279269B	摩根總收益組合基金-月配息型	TWD	10.1437	10.121	0.0227
AA2	A0011	摩根投信	T1138Y	26297175	摩根資源活力股票基金	TWD	3.75	3.8	-0.05
AC21	A0011	摩根投信	T1139A	26297196A	摩根新興活利債券基金-累積型	TWD	10.94	10.9172	0.0228
AC21	A0011	摩根投信	T1139B	26297196B	摩根新興活利債券基金-月配息型	TWD	9.1867	9.1676	0.0191
AC23	A0011	摩根投信	T1140A	26376229A	摩根亞洲總合高收益債券基金-累積型	TWD	11.9858	11.9759	0.0099
AC23	A0011	摩根投信	T1140B	26376229B	摩根亞洲總合高收益債券基金-月配息型	TWD	9.9635	9.9556	0.0079
AC23	A0011	摩根投信	T1140C	26376229C	摩根亞洲總合高收益債券基金-月配息型(美元)	USD	9.8346	9.848	-0.0134
AC23	A0011	摩根投信	T1140E	26376229D	摩根亞洲總合高收益債券基金-月配息型(人民幣)	CNY	10.2628	10.2754	-0.0126
AA2	A0011	摩根投信	T1119Y	29245757	摩根全球α基金	TWD	15.85	15.72	0.13
AC21	A0011	摩根投信	T1141A	31892738A	摩根新興龍虎企業債券基金-累積型	TWD	10.4435	10.4378	0.0057
AC21	A0011	摩根投信	T1141B	31892738B	摩根新興龍虎企業債券基金-月配息型	TWD	9.4689	9.4637	0.0052
AA2	A0011	摩根投信	T1142Y	31944996	摩根中國A股基金	TWD	13.56	13.63	-0.07
AA2	A0011	摩根投信	T1145A	38532914A	摩根泛亞太股票入息基金累積型	TWD	10.71	10.7	0.01
AA2	A0011	摩根投信	T1145B	38532914B	摩根泛亞太股票入息基金月配息型	TWD	10.56	10.56	0
AA2	A0011	摩根投信	T1145C	38532914C	摩根泛亞太股票入息基金月配息型(美元)	USD	10.08	10.13	-0.05
AA2	A0011	摩根投信	T1145E	38532914D	摩根泛亞太股票入息基金-月配息型(人民幣)	CNY	10.47	10.53	-0.06
AE23	A0011	摩根投信	T1146A	38612682A	摩根多元入息成長基金累積型	TWD	10.531	10.557	-0.026
AE23	A0011	摩根投信	T1146B	38612682B	摩根多元入息成長基金月配息型	TWD	10.5339	10.5594	-0.0255
AE23	A0011	摩根投信	T1146C	38612682C	摩根多元入息成長基金月配息型(美元)	USD	10.472	10.5062	-0.0342
AE23	A0011	摩根投信	T1146D	38612682D	摩根多元入息成長基金月配息型(人民幣)	CNY	10.5677	10.5994	-0.0317
AA2	A0011	摩根投信	T1124Y	48727760	摩根絕對日本基金	TWD	10.27	10.32	-0.05
AA2	A0011	摩根投信	T1125Y	48768614	摩根新興35基金	TWD	11.77	11.81	-0.04
AA2	A0011	摩根投信	T1127Y	48860963	摩根全球發現基金	TWD	10.66	10.6	0.06
AA2	A0011	摩根投信	T1128Y	48929098	摩根縱橫台商基金	TWD	11.03	11.1	-0.07
AA2	A0011	摩根投信	T1129Y	48974190	摩根新絲路基金	TWD	8.96	9.04	-0.08
AA2	A0011	摩根投信	T1110Y	73980092	摩根大歐洲基金	TWD	16.55	16.45	0.1
AA1	A0011	摩根投信	T1111Y	73989501	摩根中小基金	TWD	19.45	19.53	-0.08
AA2	A0011	摩根投信	T1103Y	92005896	摩根新興日本基金	TWD	18.89	19.01	-0.12
AA1	A0011	摩根投信	T1104Y	92012025	摩根新興科技基金	TWD	40.84	41.24	-0.4
AD1	A0011	摩根投信	T1105Y	92016991	摩根台灣貨幣市場基金	TWD	16.1494	16.1492	0.0002
AA2	A0011	摩根投信	T1106Y	92023780	摩根亞洲基金	TWD	43.02	43.27	-0.25
AD1	A0011	摩根投信	T1107Y	97991668	摩根第一貨幣市場基金	TWD	14.9174	14.9172	0.0002
AA2	A0011	摩根投信	T1108Y	97999612	摩根龍揚基金	TWD	26.29	26.6	-0.31
AE23	A0011	摩根投信	T1116Y	98661139	摩根安家理財基金	TWD	11.0728	11.0692	0.0036
AB2	A0011	摩根投信	T1117Y	99181637	摩根全球平衡基金	TWD	15.1699	15.1612	0.0087
AA1	A0011	摩根投信	T1118Y	99354335	摩根台灣微型基金	TWD	17.98	18.06	-0.08
AA1	A0012	華南永昌投信	T1201Y	00973762	華南永昌永昌基金	TWD	14.04	14.17	-0.13
AD1	A0012	華南永昌投信	T1208Y	13989817	華南永昌麒麟貨幣市場基金	TWD	11.7868	11.7866	0.0002
AB1	A0012	華南永昌投信	T1207Y	18477625	華南永昌龍盈平衡基金	TWD	15.6968	15.7913	-0.0945
AE22	A0012	華南永昌投信	T1213Y	21703907	華南永昌全球亨利組合基金	TWD	13.8296	13.8121	0.0175
AC23	A0012	華南永昌投信	T1228A	31824578A	華南永昌金磚高收益債券基金(累積)	TWD	10.2959	10.2936	0.0023
AC23	A0012	華南永昌投信	T1228B	31824578B	華南永昌金磚高收益債券基金(月配息)	TWD	8.6872	8.6852	0.002
AC23	A0012	華南永昌投信	T1233A	31972492A	華南永昌人民幣高收益債券基金(累積新台幣)	TWD	10.1732	10.0968	0.0764
AC23	A0012	華南永昌投信	T1233B	31972492B	華南永昌人民幣高收益債券基金(月配新台幣)	TWD	9.5077	9.4363	0.0714
AC23	A0012	華南永昌投信	T1233C	31972492C	華南永昌人民幣高收益債券基金(累積人民幣)	CNY	9.8335	9.8701	-0.0366
AC23	A0012	華南永昌投信	T1233D	31972492D	華南永昌人民幣高收益債券基金(月配人民幣)	CNY	9.2229	9.2584	-0.0355
AA2	A0012	華南永昌投信	T1238Y	38546656	華南永昌中國A股基金	TWD	12.09	12.09	0
AB2	A0012	華南永昌投信	T1239A	38618790A	華南永昌多重資產入息平衡基金(累積新台幣)	TWD	10.17	10.16	0.01
AB2	A0012	華南永昌投信	T1239B	38618790B	華南永昌多重資產入息平衡基金(月配新台幣)	TWD	10.17	10.16	0.01
AB2	A0012	華南永昌投信	T1239C	38618790C	華南永昌多重資產入息平衡基金(累積美元)	USD	9.8	9.86	-0.06
AB2	A0012	華南永昌投信	T1239D	38618790D	華南永昌多重資產入息平衡基金(月配美元)	USD	9.81	9.86	-0.05
AA2	A0012	華南永昌投信	T1217Y	48824897	華南永昌全球精品基金	TWD	13.35	13.2	0.15
AA2	A0012	華南永昌投信	T1219A	48878669A	華南永昌全球基礎建設基金-不配息	TWD	7.1	7.08	0.02
AA2	A0012	華南永昌投信	T1219B	48878669B	華南永昌全球基礎建設基金-配息	TWD	6.41	6.39	0.02
AA2	A0012	華南永昌投信	T1222Y	48963047	華南永昌全球神農水資源基金	TWD	9.79	9.69	0.1
AA1	A0012	華南永昌投信	T1203Y	92016839	華南永昌前瞻科技基金	TWD	13.42	13.55	-0.13
AD1	A0012	華南永昌投信	T1204Y	97971760	華南永昌鳳翔貨幣市場基金	TWD	16.0081	16.0079	0.0002
AA1	A0014	新光投信	T1411Y	00974241	新光台灣富貴基金	TWD	18.56	18.7	-0.14
AD1	A0014	新光投信	T1415Y	01031706	新光台灣吉利貨幣市場基金	TWD	17.6303	17.6302	0.0001
AA1	A0014	新光投信	T1408Y	13986924	新光大三通基金	TWD	17.34	17.47	-0.13
AA2	A0014	新光投信	T1402Y	15743509	新光亞洲精選基金	TWD	25.08	25.08	0
AA2	A0014	新光投信	T1403Y	25515841	新光中國成長基金	TWD	11.01	11.07	-0.06
AA2	A0014	新光投信	T1401Y	25619389	新光新興星鑽基金	TWD	9.47	9.46	0.01
AA2	A0014	新光投信	T1419Y	25683760	新光兩岸優勢基金	TWD	11.49	11.59	-0.1
AE24	A0014	新光投信	T1423Y	31893342	新光多元複合收益組合基金	TWD	10.68	10.6	0.08
AF	A0014	新光投信	T1426Y	31936927	新光澳幣保本基金	AUD	10.27	10.28	-0.01
AE24	A0014	新光投信	T1427A	38489297A	新光全球ETF組合基金(A類型)	TWD	9.88	9.82	0.06
AE24	A0014	新光投信	T1427B	38489297B	新光全球ETF組合基金(B類型)	TWD	9.46	9.4	0.06
AF	A0014	新光投信	T1428Y	38530486	新光澳幣十年期保本基金	AUD	10.52	10.42	0.1
AA2	A0014	新光投信	T1430Y	38600433	新光全球生技醫療基金	TWD	10.8	10.62	0.18
AA1	A0014	新光投信	T1407Y	73998071	新光店頭基金	TWD	20.49	20.61	-0.12
AA1	A0014	新光投信	T1406Y	81580149	新光國家建設基金	TWD	21.14	21.3	-0.16
AA1	A0014	新光投信	T1405Y	81585242	新光創新科技基金	TWD	13.53	13.63	-0.1
AD1	A0014	新光投信	T1416Y	97988122	新光吉星貨幣市場基金	TWD	15.2404	15.2402	0.0002
AB1	A0014	新光投信	T1414Y	99975518	新光福運平衡基金	TWD	14.1296	14.2578	-0.1282
AC23	A0015	瑞銀投信	T1503A	26289695A	瑞銀亞洲高收益債券證券投資信託基金A類型	TWD	12.1086	12.0821	0.0265
AC23	A0015	瑞銀投信	T1503B	26289695B	瑞銀亞洲高收益債券證券投資信託基金B類型	TWD	9.403	9.3825	0.0205
AG	A0015	瑞銀投信	T1501Y	48841045	瑞銀亞洲全方位不動產基金	TWD	9.01	9.1	-0.09
AA2	A0015	瑞銀投信	T1502Y	48955264	瑞銀全球創新趨勢基金	TWD	5.8	5.75	0.05
AB1	A0016	群益投信	T1616Y	17147605	群益真善美基金	TWD	17.3741	17.4379	-0.0638
AB1	A0016	群益投信	T1617Y	18037845	群益平衡王基金	TWD	19.5427	19.6117	-0.069
AA1	A0016	群益投信	T1614Y	19339782	群益創新科技基金	TWD	23.37	23.66	-0.29
AA1	A0016	群益投信	T1612Y	20081352	群益店頭市場基金	TWD	61.8	62.37	-0.57
AE23	A0016	群益投信	T1607Y	21723538	群益多重資產組合基金	TWD	13.82	13.76	0.06
AA2	A0016	群益投信	T1610Y	25602535	群益東方盛世基金	TWD	10.19	10.19	0
AA2	A0016	群益投信	T1611Y	25629892	群益華夏盛世基金	TWD	12.24	12.28	-0.04
AA2	A0016	群益投信	T1619Y	25675430	群益印巴雙星基金	TWD	10.55	10.58	-0.03
AA2	A0016	群益投信	T1620Y	25691699	群益亞太中小基金	TWD	10.85	10.84	0.01
AE22	A0016	群益投信	T1621Y	26265027	群益多利策略組合基金	TWD	11.61	11.59	0.02
AA2	A0016	群益投信	T1622Y	26285038	群益東協成長基金	TWD	12.11	12.09	0.02
AA2	A0016	群益投信	T1623Y	26300586	群益印度中小基金	TWD	13.9	13.94	-0.04
AA2	A0016	群益投信	T1624Y	26319641	群益新興大消費基金	TWD	10.51	10.54	-0.03
AA2	A0016	群益投信	T1625Y	26385629	群益大中華雙力優勢基金	TWD	10.23	10.28	-0.05
AB1	A0016	群益投信	T1618Y	29243337	群益安家基金	TWD	17.1896	17.2992	-0.1096
AC21	A0016	群益投信	T1626A	31816633A	群益亞洲新興市場債券基金 - A(累積型)	TWD	9.5407	9.5092	0.0315
AC21	A0016	群益投信	T1626B	31816633B	群益亞洲新興市場債券基金 - B(月配型)	TWD	8.4721	8.4441	0.028
AI1	A0016	群益投信	T1627Y	31836758	群益台股指數基金	TWD	14.076	14.215	-0.139
AC21	A0016	群益投信	T1628A	31892569A	群益全球新興收益債券基金-A(累積型)	TWD	9.5592	9.5516	0.0076
AC21	A0016	群益投信	T1628B	31892569B	群益全球新興收益債券基金-B(月配型)	TWD	8.4102	8.4035	0.0067
AA2	A0016	群益投信	T1650A	38486685A	群益美國新創亮點基金-新臺幣	TWD	11.37	11.33	0.04
AA2	A0016	群益投信	T1650B	38486685B	群益美國新創亮點基金-美元	USD	11.1133	11.0806	0.0327
AA2	A0016	群益投信	T1649A	38486708A	群益全球關鍵生技基金-新臺幣	TWD	13.45	13.31	0.14
AA2	A0016	群益投信	T1649B	38486708B	群益全球關鍵生技基金-美元	USD	12.9661	12.8465	0.1196
AA2	A0016	群益投信	T1651A	38524463A	群益中國新機會基金-新臺幣	TWD	11.23	11.19	0.04
AA2	A0016	群益投信	T1651B	38524463B	群益中國新機會基金-美元	USD	11.2195	11.1933	0.0262
AA2	A0016	群益投信	T1652A	38531773A	群益工業國入息基金A(累積型-新台幣)	TWD	10.27	10.18	0.09
AA2	A0016	群益投信	T1652B	38531773B	群益工業國入息基金B(月配型-新台幣)	TWD	10.04	9.96	0.08
AA2	A0016	群益投信	T1652C	38531773C	群益工業國入息基金A(累積型-美元)	USD	10.2607	10.1791	0.0816
AA2	A0016	群益投信	T1652D	38531773D	群益工業國入息基金B(月配型-美元)	USD	10.0282	9.9485	0.0797
AA2	A0016	群益投信		38531773E	群益工業國入息基金B(月配型-人民幣)	CNY	9.86	9.78	0.08
AA2	A0016	群益投信		38531773F	群益工業國入息基金A(累積型-人民幣)	CNY	9.86	0	9.86
AD2	A0016	群益投信	T1653A	38621438A	群益人民幣貨幣市場基金-新臺幣	TWD	10.1841	10.1313	0.0528
AD2	A0016	群益投信	T1653B	38621438B	群益人民幣貨幣市場基金-人民幣	CNY	10.062	10.061	0.001
AC23	A0016	群益投信	T1654A	38621459A	群益中國高收益債券基金-新臺幣	TWD	9.9514	9.9004	0.051
AC23	A0016	群益投信	T1654B	38621459B	群益中國高收益債券基金-美元	USD	9.7617	9.7629	-0.0012
AC23	A0016	群益投信	T1654C	38621459C	群益中國高收益債券基金-人民幣	CNY	9.7592	9.7606	-0.0014
AE23	A0016	群益投信	T1655A	38648529A	群益環球金綻雙喜A(累積型-新台幣)	TWD	10.02	10	0.02
AE23	A0016	群益投信	T1655B	38648529B	群益環球金綻雙喜B(月配型-新台幣)	TWD	10.02	10	0.02
AE23	A0016	群益投信	T1655C	38648529C	群益環球金綻雙喜A(累積型-美元)	USD	10.0175	9.9992	0.0183
AE23	A0016	群益投信	T1655D	38648529D	群益環球金綻雙喜B(月配型-美元)	USD	10.0175	9.9992	0.0183
AE23	A0016	群益投信	T1655E	38648529E	群益環球金綻雙喜A(累積型-澳幣)	AUD	10.0182	9.9997	0.0185
AE23	A0016	群益投信	T1655F	38648529F	群益環球金綻雙喜B(月配型-澳幣)	AUD	10.0183	9.9997	0.0186
AE23	A0016	群益投信	T1655G	38648529G	群益環球金綻雙喜A(累積型-南非幣)	ZAR	9.92	9.93	-0.01
AE23	A0016	群益投信	T1655H	38648529H	群益環球金綻雙喜B(月配型-南非幣)	ZAR	9.92	9.93	-0.01
AA1	A0016	群益投信	T1601Y	48675778	群益奧斯卡基金	TWD	19.96	20.15	-0.19
AE22	A0016	群益投信	T1602Y	48720160	群益多重收益組合基金	TWD	13.15	13.13	0.02
AA1	A0016	群益投信	T1603Y	48749899	群益葛萊美基金	TWD	16.79	16.9	-0.11
AB2	A0016	群益投信	T1604Y	48787295	群益亞太新趨勢平衡基金	TWD	15.05	15.04	0.01
AA2	A0016	群益投信	T1605Y	48852561	群益新興金鑽基金	TWD	8.35	8.36	-0.01
AG	A0016	群益投信	T1606A	48898594A	群益全球不動產平衡基金-A(累積型)	TWD	8.36	8.31	0.05
AG	A0016	群益投信	T1606B	48898594B	群益全球不動產平衡基金-B(季配型)	TWD	6.5	6.46	0.04
AA1	A0016	群益投信	T1613Y	81591434	群益長安基金	TWD	20.53	20.71	-0.18
AA1	A0016	群益投信	T1608Y	92028997	群益中小型股基金	TWD	34.26	34.55	-0.29
AD1	A0016	群益投信	T1615Y	97978525	群益安穩貨幣市場基金	TWD	15.8571	15.8568	0.0003
AA1	A0016	群益投信	T1609Y	97984293	群益馬拉松基金	TWD	95.47	96.68	-1.21
AD1	A0017	德信投信	T1708Y	14290085	德信萬保貨幣市場基金	TWD	11.7676	11.7674	0.0002
AA1	A0017	德信投信	T1706Y	18033138	德信數位時代基金	TWD	21.76	21.93	-0.17
AA2	A0017	德信投信	T1712Y	25689835	德信中國精選成長基金	TWD	9.9	9.98	-0.08
AA1	A0017	德信投信	T1713Y	26288534	德信台灣主流中小基金	TWD	14.47	14.53	-0.06
AE21	A0017	德信投信	T1715Y	31896050	德信新興股票組合基金	TWD	10.39	10.38	0.01
AA1	A0017	德信投信	T1701Y	97972846	德信大發基金	TWD	25.83	25.97	-0.14
AC21	A0017	德信投信	T1711Y	99636428	德信萬瑞基金	TWD	11.3315	11.323	0.0085
AC21	A0018	聯博投信	T1809A	31936709A	聯博新興市場企業債券基金-A2類型	TWD	9.8392	9.8616	-0.0224
AC21	A0018	聯博投信	T1809B	31936709B	聯博新興市場企業債券基金-AT類型	TWD	9.0504	9.071	-0.0206
AE22	A0018	聯博投信	T1810A	38522107A	聯博收益傘型基金之聯博債券收益組合基金-A2類型(新台幣)	TWD	10.18	10.18	0
AE22	A0018	聯博投信	T1810B	38522107B	聯博收益傘型基金之聯博債券收益組合基金-AA類型(新台幣)	TWD	9.77	9.77	0
AE22	A0018	聯博投信	T1810F	38522107C	聯博收益傘型基金之聯博債券收益組合基金-AA類型(人民幣)	CNY	15.06	15.05	0.01
AE22	A0018	聯博投信	T1810D	38522107D	聯博收益傘型基金之聯博債券收益組合基金-AA類型(美金)	USD	15.09	15.1	-0.01
AE22	A0018	聯博投信	T1810E	38522107E	聯博收益傘型基金之聯博債券收益組合基金-A2類型(人民幣)	CNY	14.96	14.96	0
AE23	A0018	聯博投信	T1811A	38522113A	聯博收益傘型基金之聯博多元資產收益組合基金-A2類型(新台幣)	TWD	10.81	10.75	0.06
AE23	A0018	聯博投信	T1811B	38522113B	聯博收益傘型基金之聯博多元資產收益組合基金-AD類型(新台幣)	TWD	10.46	10.4	0.06
AE23	A0018	聯博投信	T1811E	38522113C	聯博收益傘型基金之聯博多元資產收益組合基金-A2類型(人民幣)	CNY	15.27	15.22	0.05
AE23	A0018	聯博投信	T1811F	38522113D	聯博收益傘型基金之聯博多元資產收益組合基金-AD類型(人民幣)	CNY	15.18	15.13	0.05
AE23	A0018	聯博投信	T1811D	38522113E	聯博收益傘型基金之聯博多元資產收益組合基金-AD類型(美金)	USD	15.12	15.08	0.04
AE23	A0018	聯博投信	T1811C	38522113F	聯博收益傘型基金之聯博多元資產收益組合基金-A2類型(美金)	USD	15.19	15.15	0.04
AE23	A0018	聯博投信	T1811G	38522113G	聯博收益傘型基金之聯博多元資產收益組合基金-AD類型(澳幣)	AUD	15.84	15.5	0.34
AE23	A0018	聯博投信	T1811H	38522113H	聯博收益傘型基金之聯博多元資產收益組合基金-AD類型(南非幣)	ZAR	14.95	14.83	0.12
AB2	A0018	聯博投信	T1813A	38633201A	聯博收益成長傘型之聯博歐洲收益成長平衡基金-A2類型	TWD	9.95	9.95	0
AB2	A0018	聯博投信	T1813B	38633201B	聯博收益成長傘型之聯博歐洲收益成長平衡基金-AD類型	TWD	9.95	9.95	0
AB2	A0018	聯博投信	T1812A	38633217A	聯博收益成長傘型之聯博亞太收益成長平衡基金-A2類型	TWD	10.24	10.23	0.01
AB2	A0018	聯博投信	T1812B	38633217B	聯博收益成長傘型之聯博亞太收益成長平衡基金-AD類型	TWD	10.24	10.23	0.01
AG	A0018	聯博投信	T1808A	48719071A	聯博亞太地產基金-A類型	TWD	12.46	12.65	-0.19
AG	A0018	聯博投信	T1808B	48719071B	聯博亞太地產基金-B類型	TWD	9.43	9.57	-0.14
AA1	A0018	聯博投信	T1802Y	97997635	聯博大利基金	TWD	30.35	30.69	-0.34
AD1	A0018	聯博投信	T1803Y	97998424	聯博貨幣市場基金	TWD	14.8462	14.846	0.0002
AA1	A0020	日盛投信	T2005Y	17147078	日盛精選五虎基金	TWD	27.65	27.81	-0.16
AA1	A0020	日盛投信	T2006Y	17607591	日盛高科技基金	TWD	11.1	11.23	-0.13
AA1	A0020	日盛投信	T2007Y	20084317	日盛日盛基金	TWD	10.23	10.32	-0.09
AE22	A0020	日盛投信	T2035Y	25690517	日盛金緻招牌組合基金	TWD	9.9643	9.955	0.0093
AA1	A0020	日盛投信	T2036Y	26273336	日盛MIT主流基金	TWD	12.02	12.15	-0.13
AA2	A0020	日盛投信	T2037Y	26323737	日盛中國內需動力基金	TWD	10.93	10.98	-0.05
AC23	A0020	日盛投信	T2038A	31827147A	日盛亞洲高收益債券基金A	TWD	11.3212	11.3155	0.0057
AC23	A0020	日盛投信	T2038B	31827147B	日盛亞洲高收益債券基金B	TWD	9.8165	9.8115	0.005
AC21	A0020	日盛投信	T2040A	31967890A	日盛全球新興債券基金A	TWD	10.4831	10.4748	0.0083
AC21	A0020	日盛投信	T2040B	31967890B	日盛全球新興債券基金B	TWD	9.7704	9.7627	0.0077
AA2	A0020	日盛投信	T2029Y	48925706	日盛大中華基金	TWD	6.55	6.6	-0.05
AA1	A0020	日盛投信	T2030Y	48948481	日盛首選基金	TWD	10.76	10.87	-0.11
AA2	A0020	日盛投信	T2031Y	48968970	日盛全球抗暖化基金	TWD	8.48	8.44	0.04
AA1	A0020	日盛投信	T2004Y	73988876	日盛小而美基金	TWD	15.45	15.49	-0.04
AD1	A0020	日盛投信	T2008Y	81580387	日盛貨幣市場基金	TWD	14.5465	14.5462	0.0003
AA1	A0020	日盛投信	T2003Y	81584975	日盛上選基金	TWD	21.37	21.57	-0.2
AA1	A0020	日盛投信	T2011Y	94991068	日盛新台商基金	TWD	24.95	25.15	-0.2
AC23	A0021	柏瑞投信	T2111A	10340936A	柏瑞全球策略高收益債券基金-A類型	TWD	12.4099	12.4068	0.0031
AC23	A0021	柏瑞投信	T2111B	10340936B	柏瑞全球策略高收益債券基金-B類型	TWD	7.8926	7.8906	0.002
AC23	A0021	柏瑞投信	T2111C	10340936C	柏瑞全球策略高收益債券基金-B類型(澳幣)	AUD	9.2825	9.293	-0.0105
AC23	A0021	柏瑞投信	T2111D	10340936D	柏瑞全球策略高收益債券基金-B類型(南非幣)	ZAR	9.4652	9.4797	-0.0145
AC23	A0021	柏瑞投信	T2111E	10340936E	柏瑞全球策略高收益債券基金-A類型(人民幣)	CNY	9.6121	9.6268	-0.0147
AC23	A0021	柏瑞投信	T2111F	10340936F	柏瑞全球策略高收益債券基金-B類型(人民幣)	CNY	9.4386	9.453	-0.0144
AA1	A0021	柏瑞投信	T2101Y	20094820	柏瑞巨人基金	TWD	10.21	10.34	-0.13
AE22	A0021	柏瑞投信	T2105Y	21709584A	柏瑞旗艦全球債券組合基金-A類型	TWD	13.2055	13.1846	0.0209
AE22	A0021	柏瑞投信	T2105B	21709584B	柏瑞旗艦全球債券組合基金-B類型	TWD	9.4217	9.4067	0.015
AC23	A0021	柏瑞投信	T2113A	25682798A	柏瑞新興市場高收益債券證券投資信託基金-A類型	TWD	11.5565	11.5579	-0.0014
AC23	A0021	柏瑞投信	T2113B	25682798B	柏瑞新興市場高收益債券證券投資信託基金-B類型	TWD	8.606	8.607	-0.001
AA2	A0021	柏瑞投信	T2114Y	26259496	柏瑞五國金勢力建設基金	TWD	7.36	7.36	0
AE21	A0021	柏瑞投信	T2104Y	29229530	柏瑞旗艦全球成長組合基金	TWD	15.19	15.19	0
AC21	A0021	柏瑞投信	T2117A	31827266A	柏瑞新興市場企業策略債券基金-A類型	TWD	10.7606	10.7492	0.0114
AC21	A0021	柏瑞投信	T2117B	31827266B	柏瑞新興市場企業策略債券基金-B類型	TWD	9.4722	9.4622	0.01
AC21	A0021	柏瑞投信	T2118A	38495354A	柏瑞新興亞太策略債券基金-A類型	TWD	10.4328	10.4044	0.0284
AC21	A0021	柏瑞投信	T2118B	38495354B	柏瑞新興亞太策略債券基金-B類型	TWD	10.0936	10.0662	0.0274
AA2	A0021	柏瑞投信	T2120Y	38547873	柏瑞亞洲亮點股票基金	TWD	10.11	10.12	-0.01
AE23	A0021	柏瑞投信	T2106Y	48570676	柏瑞全球金牌組合基金	TWD	14.02	13.99	0.03
AA2	A0021	柏瑞投信	T2107Y	48807089	柏瑞拉丁美洲基金	TWD	8.74	8.74	0
AC21	A0021	柏瑞投信	T2108A	48873398A	柏瑞美國雙核心收益基金-A不配息型	TWD	11.7824	11.7874	-0.005
AC21	A0021	柏瑞投信	T2108B	48873398B	柏瑞美國雙核心收益基金-B配息型	TWD	8.7465	8.7502	-0.0037
AA2	A0021	柏瑞投信	T2109A	48944099A	柏瑞亞太高股息基金-A類型	TWD	12.23	12.29	-0.06
AA2	A0021	柏瑞投信	T2109B	48944099B	柏瑞亞太高股息基金-B類型	TWD	8.87	8.91	-0.04
AD1	A0021	柏瑞投信	T2112Y	73992978	柏瑞巨輪貨幣市場基金	TWD	13.5003	13.5001	0.0002
AE23	A0021	柏瑞投信	T2103Y	99353053	柏瑞旗艦全球平衡組合基金	TWD	16.47	16.44	0.03
AA2	A0022	復華投信	T2252Y	10300441	復華全球大趨勢基金	TWD	16.01	15.89	0.12
AA2	A0022	復華投信	T2260Y	10374246	復華華人世紀基金	TWD	15.34	15.45	-0.11
AC21	A0022	復華投信	T2211Y	14916692	復華全球債券基金	TWD	13.9927	13.9687	0.024
AB1	A0022	復華投信	T2212Y	15742001	復華人生目標基金	TWD	25.116	25.3087	-0.1927
AB1	A0022	復華投信	T2206Y	17138818	復華傳家基金	TWD	17.3275	17.4397	-0.1122
AD1	A0022	復華投信	T2207Y	17597405	復華有利貨幣市場基金	TWD	13.2642	13.264	0.0002
AA1	A0022	復華投信	T2208Y	17608487	復華數位經濟基金	TWD	32.61	33	-0.39
AB1	A0022	復華投信	T2209Y	18035945	復華傳家二號基金	TWD	19.4994	19.6364	-0.137
AA1	A0022	復華投信	T2210Y	18488279	復華中小精選基金	TWD	39.37	39.86	-0.49
AA1	A0022	復華投信	T2216Y	21759676	復華全方位基金	TWD	18.71	18.92	-0.21
AC21	A0022	復華投信	T2263Y	25590496	復華全球短期收益基金	TWD	11.5302	11.5248	0.0054
AE23	A0022	復華投信	T2265Y	25620891	復華高益策略組合基金	TWD	12.62	12.6	0.02
AA2	A0022	復華投信	T2269Y	25676249	復華全球原物料基金	TWD	8.52	8.47	0.05
AE23	A0022	復華投信	T2270Y	26204036	復華新興債股動力組合基金	TWD	10.5	10.49	0.01
AA2	A0022	復華投信	T2271Y	26276235	復華大中華中小策略基金	TWD	9.71	9.75	-0.04
AC21	A0022	復華投信	T2274Y	26305800	復華新興市場短期收益基金	TWD	10.63	10.63	0
AC23	A0022	復華投信	T2275A	26305816A	復華新興市場高收益債券基金A	TWD	9.23	9.24	-0.01
AC23	A0022	復華投信	T2275B	26305816B	復華新興市場高收益債券基金B	TWD	7.09	7.1	-0.01
AC23	A0022	復華投信	T2275C	26305816C	復華新興市場高收益債券基金-南非幣配息	ZAR	13.82	13.86	-0.04
AC23	A0022	復華投信	T2275D	26305816D	復華新興市場高收益債券基金-人民幣配息	CNY	13.96	14	-0.04
AA2	A0022	復華投信	T2278Y	26334404	復華東協世紀基金	TWD	12.79	12.84	-0.05
AH2	A0022	復華投信	006207	31835478	復華滬深300 A股基金	TWD	22.36	22.54	-0.18
AF	A0022	復華投信	T2279Y	31901862	復華南非幣2017保本基金	ZAR	10.8	10.79	0.01
AC21	A0022	復華投信	T2280A	31901878A	復華南非幣短期收益基金A	ZAR	11.08	11.06	0.02
AC21	A0022	復華投信	T2280B	31901878B	復華南非幣短期收益基金B	ZAR	9.76	9.75	0.01
AC21	A0022	復華投信	T2281A	31901899A	復華南非幣長期收益基金A	ZAR	11.97	11.88	0.09
AC21	A0022	復華投信	T2281B	31901899B	復華南非幣長期收益基金B	ZAR	10.23	10.15	0.08
AC21	A0022	復華投信	T2285A	31939229A	復華新興人民幣債券基金A	CNY	10.26	10.26	0
AC21	A0022	復華投信	T2285B	31939229B	復華新興人民幣債券基金B	CNY	9.44	9.43	0.01
AD2	A0022	復華投信	T2284Y	31939240	復華人民幣貨幣市場基金	CNY	10.4313	10.4305	0.0008
AA2	A0022	復華投信	T2286Y	31980113	復華全球消費基金	TWD	10.19	10.14	0.05
AA2	A0022	復華投信	T2287Y	31980129	復華美國新星基金	TWD	10.63	10.45	0.18
AC21	A0022	復華投信	T2288Y	38524294	復華新興人民幣短期收益基金	TWD	10.17	10.18	-0.01
AE23	A0022	復華投信	T2289Y	38547000	復華全球戰略配置強基金	TWD	10.16	10.17	-0.01
AB2	A0022	復華投信	T2217Y	48733658	復華亞太平衡基金	TWD	12.22	12.24	-0.02
AE22	A0022	復華投信	T2218Y	48782931	復華全球債券組合基金	TWD	14.14	14.11	0.03
AA2	A0022	復華投信	T2219Y	48837540	復華亞太成長基金	TWD	11.58	11.66	-0.08
AG	A0022	復華投信	T2201A	48898525A	復華全球資產證券化基金A	TWD	14.1	14.01	0.09
AG	A0022	復華投信	T2201B	48898525B	復華全球資產證券化基金B	TWD	10.7	10.64	0.06
AE23	A0022	復華投信	T2202Y	48952512	復華奧林匹克全球優勢組合基金	TWD	13.04	13.03	0.01
AD1	A0022	復華投信	T2204Y	73980446	復華貨幣市場基金	TWD	14.2187	14.2185	0.0002
AA1	A0022	復華投信	T2205Y	73998086	復華高成長基金	TWD	41.52	41.95	-0.43
AA1	A0022	復華投信	T2203Y	81587889	復華復華基金	TWD	13.81	13.96	-0.15
AB2	A0022	復華投信	T2213Y	99034755	復華全球平衡基金	TWD	17.29	17.21	0.08
AB1	A0022	復華投信	T2214Y	99607599	復華神盾基金	TWD	17.356	17.4935	-0.1375
AE23	A0022	復華投信	T2215Y	99985163	復華奧林匹克全球組合基金	TWD	15.26	15.24	0.02
AA2	A0025	永豐投信	T2530Y	10397629	永豐大中華基金	TWD	11.14	11.21	-0.07
AA1	A0025	永豐投信	T2506Y	13998344	永豐中小基金	TWD	37.06	37.37	-0.31
AB1	A0025	永豐投信	T2507Y	14706582	永豐趨勢平衡基金	TWD	35.82	35.74	0.08
AA1	A0025	永豐投信	T2503Y	17152509	永豐高科技基金	TWD	16.42	16.54	-0.12
AA2	A0025	永豐投信	T2531Y	25599877	永豐亞洲民生消費基金	TWD	11.48	11.57	-0.09
AA2	A0025	永豐投信	T2533Y	26202781	永豐全球新興向榮基金	TWD	7.69	7.73	-0.04
AE22	A0025	永豐投信	T2535A	26304859A	永豐新興高收雙債組合基金累積類型	TWD	10.9064	10.8812	0.0252
AE22	A0025	永豐投信	T2535B	26304859B	永豐新興高收雙債組合基金月配類型	TWD	8.7105	8.6904	0.0201
AH1	A0025	永豐投信	006204	26332314	永豐臺灣加權ETF基金	TWD	47.12	47.57	-0.45
AA2	A0025	永豐投信	T2539Y	31812778	永豐中國經濟建設基金	TWD	16.18	16.26	-0.08
AC23	A0025	永豐投信	T2540Y	31842338A	永豐中國高收益債券基金-新臺幣累積類型	TWD	10.9377	10.8919	0.0458
AC23	A0025	永豐投信	T2540A	31842338B	永豐中國高收益債券基金-人民幣累積類型	CNY	2.2033	2.2056	-0.0023
AC23	A0025	永豐投信	T2540B	31842338C	永豐中國高收益債券基金-人民幣月配類型	CNY	2.0234	2.0257	-0.0023
AC23	A0025	永豐投信	T2540C	31842338D	永豐中國高收益債券基金-新臺幣月配類型	TWD	10.3507	10.3074	0.0433
AC21	A0025	永豐投信	T2541A	31909604A	永豐新興市場企業債券基金累積類型	TWD	9.775	9.7706	0.0044
AC21	A0025	永豐投信	T2541B	31909604B	永豐新興市場企業債券基金月配類型	TWD	8.7515	8.7475	0.004
AC21	A0025	永豐投信	T2541C	31909604C	永豐新興市場企業債券基金-人民幣累積類型	CNY	1.9408	1.9501	-0.0093
AC21	A0025	永豐投信	T2541D	31909604D	永豐新興市場企業債券基金-人民幣月配類型	CNY	1.9408	1.9501	-0.0093
AI2	A0025	永豐投信	T2545Y	31977594	永豐滬深300紅利指數基金	TWD	15.18	15.34	-0.16
AF	A0025	永豐投信	T2548Y	38530401	永豐南非幣2021保本基金	ZAR	10.505	10.4655	0.0395
AA2	A0025	永豐投信	T2527Y	48890039	永豐主流品牌基金	TWD	13.13	12.96	0.17
AD1	A0025	永豐投信	T2502Y	73982015	永豐貨幣市場基金	TWD	13.6933	13.6931	0.0002
AA1	A0025	永豐投信	T2520Y	73992013	永豐領航科技基金	TWD	22.2	22.44	-0.24
AB1	A0025	永豐投信	T2508Y	80916244	永豐中概平衡基金	TWD	30.66	30.81	-0.15
AA1	A0025	永豐投信	T2501Y	81594690	永豐永豐基金	TWD	33.57	33.77	-0.2
AE23	A0025	永豐投信	T2509Y	99361820	永豐全球平衡組合基金	TWD	12.31	12.32	-0.01
AB1	A0026	中國信託投信	T2605Y	18038078	中國信託精穩基金	TWD	13.6545	13.7167	-0.0622
AC21	A0026	中國信託投信	T2621A	31996797A	中國信託全球新興市場策略債券基金A(不配息)	TWD	10.2434	10.2357	0.0077
AC21	A0026	中國信託投信	T2621B	31996797B	中國信託全球新興市場策略債券基金B(配息)	TWD	9.6983	9.6911	0.0072
AB2	A0026	中國信託投信	T2624A	38530388A	中國信託多元入息平衡基金A(不配息)	TWD	10.462	10.3939	0.0681
AB2	A0026	中國信託投信	T2624B	38530388B	中國信託多元入息平衡基金B(配息)	TWD	10.2677	10.2008	0.0669
AE22	A0026	中國信託投信	T2617Y	48772011	中國信託全球固定收益組合基金	TWD	14.5233	14.4797	0.0436
AA1	A0026	中國信託投信	T2618Y	48809501	中國信託台灣優勢基金	TWD	12.9	13	-0.1
AA1	A0026	中國信託投信	T2620Y	48893417	中國信託台灣活力基金	TWD	8.51	8.59	-0.08
AD1	A0026	中國信託投信	T2612Y	80907786	中國信託華盈貨幣市場基金	TWD	10.8294	10.8292	0.0002
AA1	A0027	宏利投信	T2703Y	17144889	宏利台灣動力基金	TWD	19.61	19.71	-0.1
AC21	A0027	宏利投信	T2724A	25630146A	宏利亞太入息債券基金A	TWD	11.5864	11.5817	0.0047
AC21	A0027	宏利投信	T2724B	25630146B	宏利亞太入息債券基金B	TWD	9.6371	9.6332	0.0039
AA2	A0027	宏利投信	T2726Y	25677726A	宏利亞太中小企業基金(新臺幣)	TWD	18.41	18.52	-0.11
AA2	A0027	宏利投信	T2726A	25677726B	宏利亞太中小企業基金(人民幣避險)	CNY	3.7348	3.7687	-0.0339
AA2	A0027	宏利投信	T2726B	25677726C	宏利亞太中小企業基金(美元)	USD	0.5944	0.5999	-0.0055
AC23	A0027	宏利投信	T2727A	26258187A	宏利新興市場高收益債券基金-A類型(新臺幣)	TWD	10.933	10.922	0.011
AC23	A0027	宏利投信	T2727B	26258187B	宏利新興市場高收益債券基金-B類型(新臺幣)	TWD	8.4257	8.4201	0.0056
AC23	A0027	宏利投信	T2727C	26258187C	宏利新興市場高收益債券基金-C類型(新臺幣)	TWD	10.9328	10.8938	0.039
AC23	A0027	宏利投信	T2727D	26258187D	宏利新興市場高收益債券基金-A類型(人民幣避險)	CNY	2.2198	2.2239	-0.0041
AC23	A0027	宏利投信	T2727E	26258187E	宏利新興市場高收益債券基金-C類型(人民幣避險)	CNY	2.1837	2.1871	-0.0034
AC23	A0027	宏利投信	T2727F	26258187F	宏利新興市場高收益債券基金-A類型(澳幣避險)	AUD	0.4042	0.4053	-0.0011
AC23	A0027	宏利投信	T2727G	26258187G	宏利新興市場高收益債券基金-C類型(澳幣避險)	AUD	0.4087	0.4095	-0.0008
AC23	A0027	宏利投信	T2727H	26258187H	宏利新興市場高收益債券基金-A類型(美元)	USD	0.347	0.3487	-0.0017
AC23	A0027	宏利投信	T2727J	26258187I	宏利新興市場高收益債券基金-C類型(美元)	USD	0.347	0.3478	-0.0008
AC23	A0027	宏利投信	T2729A	26325600A	宏利中國點心高收益債券基金-A類型(美元)	USD	11.0678	11.0639	0.0039
AC23	A0027	宏利投信	T2729B	26325600B	宏利中國點心高收益債券基金-B類型(美元)	USD	10.0239	10.0204	0.0035
AC23	A0027	宏利投信	T2729C	26325600C	宏利中國點心高收益債券基金-A類型(人民幣)	CNY	69.3971	69.2562	0.1409
AC23	A0027	宏利投信	T2729D	26325600D	宏利中國點心高收益債券基金-B類型(人民幣)	CNY	63.0292	62.9012	0.128
AC21	A0027	宏利投信	T2730A	26389097A	宏利中國離岸債券基金-A類型(新臺幣)	TWD	10.562	10.5453	0.0167
AC21	A0027	宏利投信	T2730B	26389097B	宏利中國離岸債券基金-B類型(新臺幣)	TWD	9.7903	9.7777	0.0126
AC21	A0027	宏利投信	T2730C	26389097C	宏利中國離岸債券基金-A類型(人民幣)	CNY	2.2019	2.2003	0.0016
AC21	A0027	宏利投信	T2730D	26389097D	宏利中國離岸債券基金-B類型(人民幣)	CNY	2.0411	2.0396	0.0015
AC21	A0027	宏利投信	T2733Y	31893103A	宏利東方明珠短期收益基金(美元)	USD	10.4033	10.4167	-0.0134
AC21	A0027	宏利投信	T2733A	31893103B	宏利東方明珠短期收益基金(人民幣)	CNY	65.0327	65.003	0.0297
AF	A0027	宏利投信	T2739Y	31934358	宏利澳幣保本基金	AUD	10.3196	10.2966	0.023
AE23	A0027	宏利投信	T2740A	38530129A	宏利全球入息動態組合基金-A類型(新臺幣)	TWD	9.6902	9.7231	-0.0329
AE23	A0027	宏利投信	T2740B	38530129B	宏利全球入息動態組合基金-B類型(新臺幣)	TWD	9.5265	9.5531	-0.0266
AE23	A0027	宏利投信	T2740C	38530129C	宏利全球入息動態組合基金-A類型(美元)	USD	9.3693	9.4409	-0.0716
AE23	A0027	宏利投信	T2740D	38530129D	宏利全球入息動態組合基金-B類型(美元)	USD	9.1924	9.2608	-0.0684
AB2	A0027	宏利投信	T2751A	38585186A	宏利亞澳入息成長平衡基金-A類型(新臺幣)	TWD	10.0085	10.0587	-0.0502
AB2	A0027	宏利投信	T2751B	38585186B	宏利亞澳入息成長平衡基金-B類型(新臺幣)	TWD	9.9577	10.0196	-0.0619
AB2	A0027	宏利投信	T2751C	38585186C	宏利亞澳入息成長平衡基金-A類型(美元)	USD	9.7819	9.8618	-0.0799
AB2	A0027	宏利投信	T2751D	38585186D	宏利亞澳入息成長平衡基金-B類型(美元)	USD	9.7422	9.8224	-0.0802
AB2	A0027	宏利投信	T2751E	38585186E	宏利亞澳入息成長平衡基金-A類型(澳幣避險)	AUD	9.6827	9.8025	-0.1198
AB2	A0027	宏利投信	T2751F	38585186F	宏利亞澳入息成長平衡基金-B類型(澳幣避險)	AUD	9.6677	9.7731	-0.1054
AE22	A0027	宏利投信	T2722Y	48789982	宏利全球債券組合基金	TWD	12.7053	12.6694	0.0359
AA2	A0027	宏利投信	T2723Y	48916256A	宏利精選中華基金(新臺幣)	TWD	9.62	9.73	-0.11
AA2	A0027	宏利投信	T2723A	48916256B	宏利精選中華基金(人民幣避險)	CNY	1.91	1.94	-0.03
AA1	A0027	宏利投信	T2701Y	73982057	宏利臺灣高股息基金	TWD	20.53	20.73	-0.2
AD1	A0027	宏利投信	T2702Y	83863973	宏利萬利貨幣市場基金	TWD	13.5198	13.5197	0.0001
AD1	A0031	貝萊德投信	T3102Y	17141530	貝萊德新台幣基金	TWD	12.7987	12.7985	0.0002
AA1	A0031	貝萊德投信	T3101Y	19330712	貝萊德寶利基金	TWD	16.61	16.75	-0.14
AE23	A0031	貝萊德投信	T3112Y	38490323	貝萊德亞美利加收益基金	TWD	10.21	10.17	0.04
AA1	A0032	野村投信	T3219Y	00968493	野村鴻運基金	TWD	16.48	16.62	-0.14
AB1	A0032	野村投信	T3221Y	00971103	野村鴻利基金	TWD	16.89	17.04	-0.15
AA1	A0032	野村投信	T3218Y	00988316	野村台灣運籌基金	TWD	25.77	26.06	-0.29
AD1	A0032	野村投信	T3222Y	01013051	野村鴻揚貨幣市場基金	TWD	16.7252	16.725	0.0002
AA2	A0032	野村投信	T3220Y	01021518	野村環球基金	TWD	11.56	11.44	0.12
AA1	A0032	野村投信	T3223Y	01031564	野村積極成長基金	TWD	10.17	10.29	-0.12
AA2	A0032	野村投信	T3245Y	10306986	野村新興傘型基金之中東非洲基金	TWD	9.92	9.97	-0.05
AA2	A0032	野村投信	T3246Y	10306992	野村新興傘型基金之大俄羅斯基金	TWD	5.42	5.49	-0.07
AA2	A0032	野村投信	T3208Y	14697373	野村全球品牌基金	TWD	21.33	21.03	0.3
AA1	A0032	野村投信	T3203Y	17146752	野村成長基金	TWD	24.6	24.87	-0.27
AA1	A0032	野村投信	T3228Y	17600534	野村高科技基金	TWD	7.12	7.19	-0.07
AB1	A0032	野村投信	T3204Y	17602250	野村平衡基金	TWD	16.01	16.15	-0.14
AA1	A0032	野村投信	T3205Y	18037937	野村ｅ科技基金	TWD	14.37	14.55	-0.18
AD1	A0032	野村投信	T3230Y	18479285	野村精選貨幣市場基金	TWD	11.9782	11.9781	0.0001
AA1	A0032	野村投信	T3207Y	18488469	野村中小基金	TWD	32.15	32.43	-0.28
AA1	A0032	野村投信	T3201Y	19330754	野村優質基金	TWD	28.41	28.76	-0.35
AA2	A0032	野村投信	T3227Y	20089404	野村泰國基金	TWD	41.3	41.36	-0.06
AG	A0032	野村投信	T3214A	21758780A	野村全球不動產證券化基金累積型	TWD	14.29	14.24	0.05
AG	A0032	野村投信	T3214B	21758780B	野村全球不動產證券化基金	TWD	11.39	11.34	0.05
AA2	A0032	野村投信	T3248Y	25530596	野村中國機會基金	TWD	11.08	11.12	-0.04
AC21	A0032	野村投信	T3249A	25624144A	野村全球美元投資級公司債基金-累積型	TWD	11.4569	11.4596	-0.0027
AC21	A0032	野村投信	T3249B	25624144B	野村全球美元投資級公司債基金-月配型	TWD	9.2576	9.2598	-0.0022
AA2	A0032	野村投信	T3251Y	25652008	野村巴西基金	TWD	5.77	5.76	0.01
AE22	A0032	野村投信	T3252A	26204964A	野村新興高收益債組合基金-累積型	TWD	11.1542	11.1248	0.0294
AE22	A0032	野村投信	T3252B	26204964B	野村新興高收益債組合基金-月配型	TWD	8.9797	8.956	0.0237
AA2	A0032	野村投信	T3254Y	26278374	野村雙印傘型基金之印度潛力基金	TWD	11.92	11.94	-0.02
AA2	A0032	野村投信	T3255Y	26278389	野村雙印傘型基金之印尼潛力基金	TWD	10.82	10.87	-0.05
AC23	A0032	野村投信	T3256A	26310557A	野村亞太複合高收益債基金-累積型新臺幣計價	TWD	11.8629	11.8216	0.0413
AC23	A0032	野村投信	T3256B	26310557B	野村亞太複合高收益債基金-月配型新臺幣計價	TWD	9.7295	9.6956	0.0339
AC23	A0032	野村投信	T3256E	26310557C	野村亞太複合高收益債基金-累積類型人民幣計價	CNY	9.8097	9.7883	0.0214
AC23	A0032	野村投信	T3256F	26310557D	野村亞太複合高收益債基金-月配類型人民幣計價	CNY	9.6302	9.6088	0.0214
AA2	A0032	野村投信	T3258Y	26391404	野村金磚七國基金	TWD	9.61	9.63	-0.02
AC23	A0032	野村投信	T3259A	38480612A	野村環球高收益債基金-累積類型新臺幣計價	TWD	10.0962	10.0826	0.0136
AC23	A0032	野村投信	T3259B	38480612B	野村環球高收益債基金-月配類型新臺幣計價	TWD	9.5255	9.5128	0.0127
AC23	A0032	野村投信	T3259C	38480612C	野村環球高收益債基金-累積類型美元計價	USD	9.7929	9.8069	-0.014
AC23	A0032	野村投信	T3259D	38480612D	野村環球高收益債基金-月配類型美元計價	USD	9.2157	9.2295	-0.0138
AC23	A0032	野村投信	T3259E	38480612E	野村環球高收益債基金-累積類型人民幣計價	CNY	9.925	9.9126	0.0124
AC23	A0032	野村投信	T3259F	38480612F	野村環球高收益債基金-月配類型人民幣計價	CNY	9.7412	9.729	0.0122
AA2	A0032	野村投信	T3267A	38620711A	野村歐洲中小成長基金-新臺幣計價	TWD	10	9.98	0.02
AA2	A0032	野村投信	T3267C	38620711B	野村歐洲中小成長基金-美元計價	USD	9.98	10.02	-0.04
AA2	A0032	野村投信	T3267E	38620711C	野村歐洲中小成長基金-人民幣計價	CNY	10	10.02	-0.02
AA2	A0032	野村投信	T3217A	48745964A	野村亞太高股息基金累積型	TWD	11.88	11.95	-0.07
AA2	A0032	野村投信	T3217B	48745964B	野村亞太高股息基金季配型	TWD	9.41	9.47	-0.06
AA2	A0032	野村投信	T3237Y	48844514	野村全球生技醫療基金	TWD	17.67	17.44	0.23
AA2	A0032	野村投信	T3244Y	48968900	野村全球氣候變遷基金	TWD	7.45	7.4	0.05
AA2	A0032	野村投信	T3224Y	92017008	野村新馬基金	TWD	16.36	16.33	0.03
AD1	A0032	野村投信	T3225Y	92024520	野村貨幣市場基金	TWD	16.0349	16.0346	0.0003
AA2	A0032	野村投信	T3209A	94988015A	野村全球高股息基金累積型	TWD	16.87	16.75	0.12
AA2	A0032	野村投信	T3209B	94988015B	野村全球高股息基金季配型	TWD	13.15	13.05	0.1
AA2	A0032	野村投信	T3226Y	97982106	野村日本基金	TWD	9.56	9.64	-0.08
AE22	A0032	野村投信	T3210Y	99035229	野村鑫全球債券組合基金	TWD	13.15	13.1108	0.0392
AE23	A0032	野村投信	T3211Y	99364447	野村鑫平衡組合基金	TWD	13.47	13.45	0.02
AA1	A0032	野村投信	T3236Y	99973878	野村台灣高股息基金	TWD	19.55	19.62	-0.07
AA2	A0032	野村投信	T3213A	99975165A	野村歐洲高股息基金累積型	TWD	11.47	11.41	0.06
AA2	A0032	野村投信	T3213B	99975165B	野村歐洲高股息基金季配型	TWD	8.85	8.81	0.04
AE22	A0033	聯邦投信	T3306Y	13984587	聯邦優勢策略全球債券組合基金	TWD	15.544	15.4705	0.0735
AD1	A0033	聯邦投信	T3302Y	17144332	聯邦貨幣市場基金	TWD	12.9844	12.9842	0.0002
AA1	A0033	聯邦投信	T3303Y	17597236	聯邦精選科技基金	TWD	9.02	9.07	-0.05
AA1	A0033	聯邦投信	T3305Y	18496290	聯邦中國龍基金	TWD	18.6	18.78	-0.18
AC21	A0033	聯邦投信	T3322A	31887600A	聯邦双囍新興亞洲債券基金A	TWD	10.9475	10.9123	0.0352
AC21	A0033	聯邦投信	T3322B	31887600B	聯邦双囍新興亞洲債券基金B	TWD	9.8512	9.8195	0.0317
AC23	A0033	聯邦投信	T3326A	31998423A	聯邦新興資源豐富國家高收益債券基金A	TWD	10.0225	9.9967	0.0258
AC23	A0033	聯邦投信	T3326B	31998423B	聯邦新興資源豐富國家高收益債券基金B	TWD	9.4518	9.4275	0.0243
AB2	A0033	聯邦投信	T3328A	38546327A	聯邦環太平洋平衡基金A	TWD	10.732	10.7262	0.0058
AB2	A0033	聯邦投信	T3328B	38546327B	聯邦環太平洋平衡基金B	TWD	10.6702	10.6645	0.0057
AB1	A0033	聯邦投信	T3308Y	98669575	聯邦金鑽平衡基金	TWD	14.7298	14.7574	-0.0276
AA1	A0035	未來資產投信	T3515Y	10341251	未來資產台灣新趨勢基金	TWD	13.05	13.12	-0.07
AA1	A0035	未來資產投信	T3501Y	17597600	未來資產阿波羅基金	TWD	8.04	8.1	-0.06
AD1	A0035	未來資產投信	T3502Y	18035966	未來資產所羅門貨幣市場基金	TWD	12.4004	12.4002	0.0002
AC23	A0035	未來資產投信	T3516Y	26299194A	未來資產亞洲高收益債券基金A	TWD	10.9926	10.9269	0.0657
AC23	A0035	未來資產投信	T3516B	26299194B	未來資產亞洲高收益債券基金B	TWD	10.5104	10.4475	0.0629
AA2	A0035	未來資產投信	T3518Y	26378535	未來資產亞洲新富基金	TWD	15.55	15.61	-0.06
AC21	A0035	未來資產投信	T3520A	31939614A	未來資產新興市場債券基金A	TWD	9.4433	9.435	0.0083
AC21	A0035	未來資產投信	T3520B	31939614B	未來資產新興市場債券基金B	TWD	8.8071	8.7994	0.0077
AA2	A0035	未來資產投信	T3521Y	31971888	未來資產全球大消費基金	TWD	12.18	12.02	0.16
AG	A0035	未來資產投信	T3514A	48925184A	未來資產亞太不動產證券化基金A	TWD	9.5	9.56	-0.06
AG	A0035	未來資產投信	T3514B	48925184B	未來資產亞太不動產證券化基金B	TWD	8.51	8.57	-0.06
AE23	A0035	未來資產投信	T3510Y	99645003	未來資產閣來寶全球組合基金	TWD	12.79	12.75	0.04
AE22	A0036	德盛安聯投信	T3620Y	10350645	德盛安聯四季回報債券組合基金	TWD	14.5241	14.4899	0.0342
AA2	A0036	德盛安聯投信	T3605Y	14693593	德盛全球生技大壩基金	TWD	37.61	37.08	0.53
AA1	A0036	德盛安聯投信	T3601Y	17604124	德盛台灣大壩基金	TWD	15.75	15.89	-0.14
AD1	A0036	德盛安聯投信	T3602Y	18033003	德盛安聯台灣貨幣市場基金	TWD	12.3063	12.3061	0.0002
AA1	A0036	德盛安聯投信	T3604Y	18480065	德盛科技大壩基金	TWD	21.16	21.33	-0.17
AA2	A0036	德盛安聯投信	T3621Y	25589337	德盛安聯中國策略增長基金	TWD	13.45	13.56	-0.11
AA2	A0036	德盛安聯投信	T3622Y	25627819	德盛安聯全球油礦金趨勢基金	TWD	9.29	9.24	0.05
AA2	A0036	德盛安聯投信	T3623Y	25680150	德盛安聯中國東協新世紀基金	TWD	14.63	14.64	-0.01
AA2	A0036	德盛安聯投信	T3624Y	26282932	德盛安聯亞洲小型企業基金	TWD	11.15	11.2	-0.05
AE22	A0036	德盛安聯投信	T3626A	26398976A	德盛安聯四季豐收債券組合基金-A類型(累積)-新臺幣	TWD	11.6517	11.6283	0.0234
AE22	A0036	德盛安聯投信	T3626B	26398976B	德盛安聯四季豐收債券組合基金-B類型(月配息)-新臺幣	TWD	10.2492	10.271	-0.0218
AE22	A0036	德盛安聯投信	T3626C	26398976C	德盛安聯四季豐收債券組合基金-A類型(累積)-人民幣	CNY	10.1379	10.1169	0.021
AE22	A0036	德盛安聯投信	T3626D	26398976D	德盛安聯四季豐收債券組合基金-B類型(月配息)-人民幣	CNY	10.1515	10.1896	-0.0381
AE23	A0036	德盛安聯投信	T3627A	38481149A	德盛安聯四季雙收入息組合基金-A類型(累積)-新臺幣	TWD	10.46	10.44	0.02
AE23	A0036	德盛安聯投信	T3627B	38481149B	德盛安聯四季雙收入息組合基金-B類型(月配息)-新臺幣	TWD	9.91	9.92	-0.01
AE23	A0036	德盛安聯投信	T3627C	38481149C	德盛安聯四季雙收入息組合基金-A類型(累積)-美元	USD	9.67	9.71	-0.04
AE23	A0036	德盛安聯投信	T3627D	38481149D	德盛安聯四季雙收入息組合基金-B類型(月配息)-美元	USD	9.62	9.68	-0.06
AE21	A0036	德盛安聯投信	T3628A	38552137A	德盛安聯四季成長組合基金-新臺幣	TWD	10.32	10.29	0.03
AE21	A0036	德盛安聯投信	T3628B	38552137B	德盛安聯四季成長組合基金-美元	USD	9.84	9.87	-0.03
AE23	A0036	德盛安聯投信	T3629A	38647774A	德盛安聯目標收益基金-A類型(累積)-新臺幣	TWD	10.0153	10.0012	0.0141
AE23	A0036	德盛安聯投信	T3629B	38647774B	德盛安聯目標收益基金-B類型(月配息)-新臺幣	TWD	10.0153	10.0012	0.0141
AE23	A0036	德盛安聯投信	T3629C	38647774C	德盛安聯目標收益基金-A類型(累積)-美元	USD	9.9559	10.0003	-0.0444
AE23	A0036	德盛安聯投信	T3629D	38647774D	德盛安聯目標收益基金-B類型(月配息)-美元	USD	9.956	10.0003	-0.0443
AE23	A0036	德盛安聯投信	T3629E	38647774E	德盛安聯目標收益基金-A類型(累積)-人民幣	CNY	10.0174	10.0024	0.015
AE23	A0036	德盛安聯投信	T3629F	38647774F	德盛安聯目標收益基金-B類型(月配息)-人民幣	CNY	10.0168	10.0027	0.0141
AB2	A0036	德盛安聯投信	T3614Y	48738909	德盛安聯全球計量平衡基金	TWD	11.9	11.89	0.01
AA2	A0036	德盛安聯投信	T3615Y	48806595	德盛安聯全球綠能趨勢基金	TWD	8.8	8.75	0.05
AB2	A0036	德盛安聯投信	T3616Y	48865952	德盛安聯多元計量平衡基金	TWD	8.82	8.82	0
AA2	A0036	德盛安聯投信	T3617Y	48937267	德盛安聯全球人口趨勢基金	TWD	9.35	9.32	0.03
AA2	A0036	德盛安聯投信	T3618Y	48981946	德盛安聯全球農金趨勢基金	TWD	10.12	10	0.12
AA1	A0036	德盛安聯投信	T3619Y	48997911	德盛安聯台灣智慧趨勢基金	TWD	17.21	17.37	-0.16
AC21	A0036	德盛安聯投信	T3607Y	98669250A	德盛安聯全球債券基金-A類型(累積)	TWD	12.1675	12.1637	0.0038
AC21	A0036	德盛安聯投信	T3607B	98669250B	德盛安聯全球債券基金-B類型(月配息)	TWD	11.647	11.6808	-0.0338
AA2	A0036	德盛安聯投信	T3608Y	99337168	德盛安聯亞洲動態策略基金	TWD	21.79	21.98	-0.19
AA2	A0036	德盛安聯投信	T3610Y	99978472	德盛安聯全球新興市場基金	TWD	16.43	16.47	-0.04
AA1	A0037	國泰投信	T3714Y	01031874	國泰小龍基金	TWD	13.86	14.02	-0.16
AA1	A0037	國泰投信	T3707Y	14705562	國泰科技生化基金	TWD	29.18	29.5	-0.32
AD2	A0037	國泰投信	T2902Y	17142502	國泰全球永利貨幣市場基金	TWD	12.7188	12.7107	0.0081
AA1	A0037	國泰投信	T3701Y	17612497	國泰國泰基金	TWD	17.8	17.97	-0.17
AA1	A0037	國泰投信	T2903Y	18031960	國泰高科技基金	TWD	9.15	9.25	-0.1
AD1	A0037	國泰投信	T3702Y	18034853	國泰台灣貨幣市場基金	TWD	12.263	12.2628	0.0002
AA1	A0037	國泰投信	T3703Y	18043059	國泰中小成長基金	TWD	37.81	38.16	-0.35
AB1	A0037	國泰投信	T3704Y	18494624	國泰平衡基金	TWD	21.17	21.27	-0.1
AA1	A0037	國泰投信	T3706Y	19291128	國泰大中華基金	TWD	18.76	18.82	-0.06
AA2	A0037	國泰投信	T3726Y	25621998A	國泰中港台基金台幣級別	TWD	11.86	11.97	-0.11
AA2	A0037	國泰投信	T3726U	25621998B	國泰中港台基金美元級別	USD	0.3715	0.3748	-0.0033
AE22	A0037	國泰投信	T3727Y	25681952	國泰豐益債券組合基金	TWD	11.7726	11.7497	0.0229
AA2	A0037	國泰投信	T3728Y	26203542	國泰新興市場基金	TWD	9.39	9.43	-0.04
AA2	A0037	國泰投信	T3729Y	26273455	國泰全球資源基金	TWD	6.22	6.13	0.09
AA2	A0037	國泰投信	T3731Y	26317735A	國泰中國內需增長基金台幣級別	TWD	13.49	13.54	-0.05
AA2	A0037	國泰投信	T3731U	26317735B	國泰中國內需增長基金美元級別	USD	0.4499	0.4539	-0.004
AC23	A0037	國泰投信	T3732A	26331835A	國泰新興高收益債券基金(新台幣)-不配息A	TWD	10.2409	10.2567	-0.0158
AC23	A0037	國泰投信	T3732B	26331835B	國泰新興高收益債券基金(新台幣)-配息B	TWD	8.3022	8.315	-0.0128
AC23	A0037	國泰投信	T3732C	26331835C	國泰新興高收益債券基金(美元)-不配息A	USD	0.325	0.3274	-0.0024
AC23	A0037	國泰投信	T3732D	26331835D	國泰新興高收益債券基金(美元)-配息B	USD	0.2635	0.2654	-0.0019
AC23	A0037	國泰投信	T3732F	26331835E	國泰新興高收益債券基金(人民幣)-不配息A	CNY	2.0315	2.0334	-0.0019
AC23	A0037	國泰投信	T3732G	26331835F	國泰新興高收益債券基金(人民幣)-配息B	CNY	1.6497	1.6613	-0.0116
AA2	A0037	國泰投信	T3734Y	31821137	國泰中國新興戰略基金	TWD	15.68	15.76	-0.08
AA1	A0037	國泰投信	T3735Y	31837449	國泰價值卓越基金	TWD	12.54	12.57	-0.03
AF	A0037	國泰投信	T3736Y	31894665	國泰紐幣保本基金	NZD	10.4648	10.4184	0.0464
AC23	A0037	國泰投信	T3737A	31913488A	國泰策略高收益債券基金A	TWD	10.2386	10.2388	-0.0002
AC23	A0037	國泰投信	T3737B	31913488B	國泰策略高收益債券基金B	TWD	9.085	9.0852	-0.0002
AF	A0037	國泰投信	T3739Y	31939641	國泰紐幣八年期保本基金	NZD	10.2166	10.1469	0.0697
AD2	A0037	國泰投信	T3740Y	38482908A	國泰中國傘型基金之人民幣貨幣市場基金人民幣級別	CNY	10.3008	10.2999	0.0009
AD2	A0037	國泰投信	T3740U	38482908B	國泰中國傘型基金之人民幣貨幣市場基金美元級別	USD	1.6444	1.6449	-0.0005
AC21	A0037	國泰投信	T3741Y	38482914A	國泰中國傘型基金之中國新興債券基金台幣級別	TWD	10.7894	10.764	0.0254
AC21	A0037	國泰投信	T3741U	38482914B	國泰中國傘型基金之中國新興債券基金美元級別	USD	0.3419	0.3411	0.0008
AF	A0037	國泰投信	T3744Y	38582836	國泰紐幣2021保本基金	NZD	10.194	10.1281	0.0659
AB2	A0037	國泰投信	T3743A	38582842A	國泰收益傘型基金之全球多重收益平衡基金-新台幣A(不配息型)	TWD	10.13	10.12	0.01
AB2	A0037	國泰投信	T3743B	38582842B	國泰收益傘型基金之全球多重收益平衡基金-新台幣B(配息型)	TWD	9.99	9.98	0.01
AB2	A0037	國泰投信	T3743C	38582842C	國泰收益傘型基金之全球多重收益平衡基金-美元A(不配息型)	USD	0.3423	0.3401	0.0022
AB2	A0037	國泰投信	T3743D	38582842D	國泰收益傘型基金之全球多重收益平衡基金-美元B(配息型)	USD	0.3384	0.3362	0.0022
AA2	A0037	國泰投信	T3745A	38600412A	國泰亞洲成長基金台幣級別	TWD	9.76	9.8	-0.04
AA2	A0037	國泰投信	T3745B	38600412B	國泰亞洲成長基金美元級別	USD	0.3111	0.3126	-0.0015
AE23	A0037	國泰投信	T3716Y	48681477	國泰幸福階梯傘型基金之全球穩健組合基金	TWD	13.2	13.16	0.04
AE21	A0037	國泰投信	T3715Y	48681504A	國泰幸福階梯傘型基金之全球積極組合基金-台幣級別	TWD	15.31	15.28	0.03
AE21	A0037	國泰投信	T3715U	48681504B	國泰幸福階梯傘型基金之全球積極組合基金-美金級別	USD	0.4858	0.4877	-0.0019
AA2	A0037	國泰投信	T3720Y	48832881A	國泰全球基礎建設基金台幣級別	TWD	12.95	12.92	0.03
AA2	A0037	國泰投信	T3720U	48832881B	國泰全球基礎建設基金美元級別	USD	0.411	0.4124	-0.0014
AA1	A0037	國泰投信	T3722Y	48948623	國泰台灣計量基金	TWD	12.28	12.36	-0.08
AA2	A0037	國泰投信	T3723Y	48973191A	國泰全球環保趨勢基金台幣級別	TWD	8.23	8.21	0.02
AA2	A0037	國泰投信	T3723U	48973191B	國泰全球環保趨勢基金美元級別	USD	0.2612	0.2621	-0.0009
AA1	A0038	富達投信	T3803Y	13984165	富達台灣成長基金	TWD	25.01	25.19	-0.18
AE23	A0038	富達投信	T3805Y	48820610	富達動力領航組合基金	TWD	12.43	12.43	0
AE23	A0038	富達投信	T3801Y	99992354	富達卓越領航全球組合基金	TWD	12.18	12.23	-0.05
AD1	A0040	德銀遠東投信	T4002Y	13999821	德銀遠東DWS台灣貨幣市場基金	TWD	11.4917	11.4916	0.0001
AA1	A0040	德銀遠東投信	T4003Y	14545897	德銀遠東DWS科技基金	TWD	16.42	16.54	-0.12
AA1	A0040	德銀遠東投信	T4001Y	18499732	德銀遠東DWS台灣旗艦基金	TWD	18.1	18.24	-0.14
AE23	A0040	德銀遠東投信	T4009A	25594177A	德銀遠東DWS多元集利組合基金累積型	TWD	11.44	11.45	-0.01
AE23	A0040	德銀遠東投信	T4009B	25594177B	德銀遠東DWS多元集利組合基金分配型	TWD	9.38	9.39	-0.01
AA2	A0040	德銀遠東投信	T4011Y	26263787	德銀遠東DWS全球神農基金	TWD	11.45	11.35	0.1
AC23	A0040	德銀遠東投信	T4012A	26300262A	德銀遠東DWS亞洲高收益債券累積型	TWD	11.468	11.4505	0.0175
AC23	A0040	德銀遠東投信	T4012B	26300262B	德銀遠東DWS亞洲高收益債券分配型	TWD	8.9231	8.9055	0.0176
AC23	A0040	德銀遠東投信	T4012C	26300262C	德銀遠東DWS亞洲高收益債券基金美元級別-累積型	USD	9.7874	9.78	0.0074
AC23	A0040	德銀遠東投信	T4012D	26300262D	德銀遠東DWS亞洲高收益債券基金美元級別-分配型	USD	9.6314	9.8541	-0.2227
AC23	A0040	德銀遠東投信	T4012E	26300262E	德銀遠東DWS亞洲高收益債券基金人民幣級別-累積型	CNY	10.0485	10.0367	0.0118
AC23	A0040	德銀遠東投信	T4012F	26300262F	德銀遠東DWS亞洲高收益債券基金人民幣級別-分配型	CNY	10.1198	10.108	0.0118
AA2	A0040	德銀遠東投信	T4014A	38529930A	德銀遠東DWS全球生技創新基金新臺幣級別	TWD	11.4	11.19	0.21
AA2	A0040	德銀遠東投信	T4014B	38529930B	德銀遠東DWS全球生技創新基金美元級別	USD	10.77	10.65	0.12
AA2	A0040	德銀遠東投信	T4006Y	99632577	德銀遠東DWS全球原物料能源基金	TWD	18.23	18.12	0.11
AA1	A0041	凱基投信	T4101Y	13539952	凱基開創基金	TWD	18.32	18.5	-0.18
AD1	A0041	凱基投信	T4102Y	14703038	凱基凱旋貨幣市場基金	TWD	11.4014	11.4012	0.0002
AA1	A0041	凱基投信	T4112Y	25612029	凱基台灣精五門基金	TWD	18.89	19.04	-0.15
AE21	A0041	凱基投信	T4114Y	25691430	凱基新興趨勢ETF組合基金	TWD	9.18	9.16	0.02
AA2	A0041	凱基投信	T4115Y	26258172	凱基資源國基金	TWD	9.21	9.18	0.03
AA2	A0041	凱基投信	T4117Y	26323981	凱基新興市場中小基金	TWD	13.69	13.7	-0.01
AA2	A0041	凱基投信	T4119Y	31884076	凱基雲端趨勢基金	TWD	14.02	13.84	0.18
AC21	A0041	凱基投信	T4121A	31977320A	凱基新興亞洲債券基金-不配息型	TWD	10.2429	10.2001	0.0428
AC21	A0041	凱基投信	T4121B	31977320B	凱基新興亞洲債券基金-配息型	TWD	9.5742	9.5342	0.04
AA2	A0041	凱基投信	T4122Y	38533667	凱基亞太高股息基金	TWD	9.91	9.93	-0.02
AA2	A0041	凱基投信	T4123A	38590907A	凱基護城河基金-台幣計價A	TWD	10.99	10.87	0.12
AA2	A0041	凱基投信	T4123B	38590907B	凱基護城河基金-美元計價B	USD	10.5219	10.4741	0.0478
AA2	A0041	凱基投信	T4103Y	48882220	凱基台商天下基金	TWD	9.92	9.96	-0.04
AA2	A0041	凱基投信	T4105Y	48997927	凱基亞洲四金磚基金	TWD	14.17	14.21	-0.04
AD1	A0042	施羅德投信	T4202Y	14553777	施羅德新紀元貨幣市場基金	TWD	11.5204	11.5202	0.0002
AA2	A0042	施羅德投信	T4213Y	25675543	施羅德世界資源基金	TWD	7.22	7.19	0.03
AC23	A0042	施羅德投信	T4214A	26265912A	施羅德全球策略高收益債券基金-累積	TWD	9.9048	9.9638	-0.059
AC23	A0042	施羅德投信	T4214B	26265912B	施羅德全球策略高收益債券基金-分配	TWD	7.4179	7.4621	-0.0442
AC23	A0042	施羅德投信	T4214C	26265912C	施羅德全球策略高收益債券基金(人民幣)-配息型	CNY	10	10	0
AC23	A0042	施羅德投信	T4216A	31825598A	施羅德中國高收益債券基金-累積型	TWD	11.5077	11.4886	0.0191
AC23	A0042	施羅德投信	T4216B	31825598B	施羅德中國高收益債券基金-分配型	TWD	10.0431	10.0322	0.0109
AC23	A0042	施羅德投信	T4216C	31825598C	施羅德中國高收益債券基金(美元)-累積型	USD	0.3787	0.3791	-0.0004
AC23	A0042	施羅德投信	T4216D	31825598D	施羅德中國高收益債券基金(美元)-分配型	USD	0.3363	0.3366	-0.0003
AC23	A0042	施羅德投信	T4216E	31825598E	施羅德中國高收益債券基金(人民幣)-累積型	CNY	2.3927	2.3904	0.0023
AC23	A0042	施羅德投信	T4216F	31825598F	施羅德中國高收益債券基金(人民幣)-分配型	CNY	2.1085	2.1064	0.0021
AC21	A0042	施羅德投信	T4218A	31999979A	施羅德中國債券基金(美元)-累積型	USD	10.157	10.1723	-0.0153
AC21	A0042	施羅德投信	T4218B	31999979B	施羅德中國債券基金(美元)-分配型	USD	9.6792	9.6938	-0.0146
AC21	A0042	施羅德投信	T4218C	31999979C	施羅德中國債券基金(人民幣)-累積型	CNY	10.5691	10.5627	0.0064
AC21	A0042	施羅德投信	T4218D	31999979D	施羅德中國債券基金(人民幣)-分配型	CNY	10.0804	10.0742	0.0062
AA1	A0042	施羅德投信	T4209Y	48948834A	施羅德樂活中小證券投資信託基金-A類型	TWD	14.07	14.19	-0.12
AA1	A0042	施羅德投信	T4209A	48948834B	施羅德樂活中小證券投資信託基金-I類型	TWD	3030.42	3056.16	-25.74
AA1	A0043	華頓投信	T4301Y	14694495	華頓台灣基金	TWD	18.43	18.66	-0.23
AD1	A0043	華頓投信	T4302Y	15566790	華頓平安貨幣市場基金	TWD	11.363	11.3628	0.0002
AC23	A0043	華頓投信	T4322A	25652470A	華頓全球高收益債券基金A	TWD	12.6856	12.6717	0.0139
AC23	A0043	華頓投信	T4322B	25652470B	華頓全球高收益債券基金B	TWD	9.8521	9.8413	0.0108
AC21	A0043	華頓投信	T4325A	31828693A	華頓新興亞太債券基金A	TWD	10.5951	10.6006	-0.0055
AC21	A0043	華頓投信	T4325B	31828693B	華頓新興亞太債券基金B	TWD	9.431	9.4359	-0.0049
AC21	A0043	華頓投信	T4329A	31977530A	華頓全球核心價值收益債券基金A	TWD	10.3296	10.315	0.0146
AC21	A0043	華頓投信	T4329B	31977530B	華頓全球核心價值收益債券基金B	TWD	9.8195	9.8055	0.014
AB2	A0043	華頓投信	T4332Y	38634406	華頓中國多重機會平衡基金	TWD	10.3131	10.3563	-0.0432
AA2	A0043	華頓投信	T4309Y	48712112	華頓全球黑鑽油源基金	TWD	6.88	6.83	0.05
AA2	A0043	華頓投信	T4314Y	48842261	華頓全球時尚精品基金	TWD	12.99	12.96	0.03
AA1	A0043	華頓投信	T4303Y	80892778	華頓中小型基金	TWD	20.78	21	-0.22
AA1	A0044	惠理康和投信	T4401Y	10337833	惠理康和台灣紅不讓基金	TWD	15.77	15.93	-0.16
AC23	A0044	惠理康和投信	T4403Y	31835391A	惠理康和中國點心高收益債券新台幣A基金	TWD	10.4079	10.4235	-0.0156
AC23	A0044	惠理康和投信	T4403B	31835391B	惠理康和中國點心高收益債券新台幣B基金	TWD	10.2062	10.2368	-0.0306
AC23	A0044	惠理康和投信	T4403C	31835391C	惠理康和中國點心高收益債券美金A基金	USD	0.3283	0.3299	-0.0016
AC23	A0044	惠理康和投信	T4403D	31835391D	惠理康和中國點心高收益債券美金B基金	USD	0.3283	0.3299	-0.0016
AC23	A0044	惠理康和投信	T4403E	31835391E	惠理康和中國點心高收益債券人民幣A基金	CNY	2.0661	2.0715	-0.0054
AC23	A0044	惠理康和投信	T4403F	31835391F	惠理康和中國點心高收益債券人民幣B基金	CNY	2.0275	2.0328	-0.0053
AA2	A0044	惠理康和投信	T4404Y	31923248	惠理康和兩岸價值基金	TWD	10.99	11.05	-0.06
AB2	A0044	惠理康和投信	T4405A	38491420A	惠理康和美元平衡收益基金A類型	USD	10	10.09	-0.09
AB2	A0044	惠理康和投信	T4405B	38491420B	惠理康和美元平衡收益基金B類型	USD	9.58	9.67	-0.09
AE24	A0044	惠理康和投信	T4406A	38533012A	惠理康和ETF入息組合基金A-台幣	TWD	10.32	10.33	-0.01
AE24	A0044	惠理康和投信	T4406B	38533012B	惠理康和ETF入息組合基金B-台幣	TWD	10.11	10.11	0
AE24	A0044	惠理康和投信	T4406C	38533012C	惠理康和ETF入息組合基金C-美元	USD	9.92	9.95	-0.03
AE24	A0044	惠理康和投信	T4406D	38533012D	惠理康和ETF入息組合基金D-美元	USD	9.71	9.74	-0.03
AA1	A0045	富蘭克林華美投信	T4502Y	15733973	富蘭克林華美第一富基金	TWD	28.88	29.08	-0.2
AE22	A0045	富蘭克林華美投信	T4503A	21718768A	富蘭克林華美全球債券組合基金-累計型	TWD	13.7083	13.6951	0.0132
AE22	A0045	富蘭克林華美投信	T4503B	21718768B	富蘭克林華美全球債券組合基金-分配型	TWD	10.2676	10.2577	0.0099
AA2	A0045	富蘭克林華美投信	T4505Y	25515602	富蘭克林華美中華基金	TWD	12.22	12.28	-0.06
AE21	A0045	富蘭克林華美投信	T4506Y	25687668	富蘭克林華美新興趨勢傘型基金之天然資源組合基金	TWD	7.6687	7.7313	-0.0626
AE22	A0045	富蘭克林華美投信	T4508A	25687674A	富蘭克林華美新興趨勢傘型基金之積極回報債券組合基金-累計型	TWD	11.1414	11.1391	0.0023
AE22	A0045	富蘭克林華美投信	T4508B	25687674B	富蘭克林華美新興趨勢傘型基金之積極回報債券組合基金-分配型	TWD	8.8289	8.827	0.0019
AE21	A0045	富蘭克林華美投信	T4507Y	25687689	富蘭克林華美新興趨勢傘型基金之新興市場股票組合基金	TWD	10.2702	10.2707	-0.0005
AA2	A0045	富蘭克林華美投信	T4509Y	26287795	富蘭克林華美中國消費基金	TWD	10.2	10.27	-0.07
AA1	A0045	富蘭克林華美投信	T4510Y	26310297	富蘭克林華美台股傘型基金之高科技基金	TWD	13.58	13.69	-0.11
AA1	A0045	富蘭克林華美投信	T4511Y	26310310	富蘭克林華美台股傘型基金之傳產基金	TWD	14.74	14.8	-0.06
AC23	A0045	富蘭克林華美投信	T4512A	31836244A	富蘭克林華美全球高收益債券基金-新台幣累積型	TWD	10.9416	10.9357	0.0059
AC23	A0045	富蘭克林華美投信	T4512B	31836244B	富蘭克林華美全球高收益債券基金-新台幣分配型	TWD	9.5482	9.5431	0.0051
AC23	A0045	富蘭克林華美投信	T4512C	31836244C	富蘭克林華美全球高收益債券基金-美元累積型	USD	9.795	9.7983	-0.0033
AC23	A0045	富蘭克林華美投信	T4512D	31836244D	富蘭克林華美全球高收益債券基金-美元分配型	USD	9.1075	9.1105	-0.003
AC23	A0045	富蘭克林華美投信	T4512E	31836244E	富蘭克林華美全球高收益債券基金-澳幣累積型	AUD	10.069	10.0639	0.0051
AC23	A0045	富蘭克林華美投信	T4512F	31836244F	富蘭克林華美全球高收益債券基金-澳幣分配型	AUD	9.2553	9.252	0.0033
AC23	A0045	富蘭克林華美投信	T4512G	31836244G	富蘭克林華美全球高收益債券基金-人民幣累積型	CNY	9.7188	9.7194	-0.0006
AC23	A0045	富蘭克林華美投信	T4512H	31836244H	富蘭克林華美全球高收益債券基金-人民幣分配型	CNY	9.6201	9.6208	-0.0007
AD1	A0045	富蘭克林華美投信	T4513Y	31897044	富蘭克林華美貨幣市場基金	TWD	10.1434	10.1433	0.0001
AC21	A0045	富蘭克林華美投信	T4514A	31920832A	富蘭克林華美全球投資級債券證券投資信託基金-累積型	TWD	10.3636	10.349	0.0146
AC21	A0045	富蘭克林華美投信	T4514B	31920832B	富蘭克林華美全球投資級債券證券投資信託基金-分配型	TWD	9.771	9.7573	0.0137
AC23	A0045	富蘭克林華美投信	T4516Y	38547418	富蘭克林華美中國傘型基金之中國高收益債券基金	TWD	10.0343	10.0255	0.0088
AA2	A0045	富蘭克林華美投信	T4515Y	38547424	富蘭克林華美中國傘型基金之中國A股基金	TWD	11.11	11.19	-0.08
AA2	A0045	富蘭克林華美投信	T4517A	38639351A	富蘭克林華美全球成長基金-新台幣	TWD	10.01	9.97	0.04
AA2	A0045	富蘭克林華美投信	T4517B	38639351B	富蘭克林華美全球成長基金-美元	USD	10.09	10.11	-0.02
AE21	A0045	富蘭克林華美投信	T4501Y	48858299	富蘭克林華美坦伯頓全球股票組合基金	TWD	11.4662	11.3892	0.077
AA2	A0045	富蘭克林華美投信	T4504Y	48997270	富蘭克林華美新世界股票基金	TWD	12.94	12.84	0.1
AA2	A0047	台新投信	T4710Y	10313190	台新大中華基金	TWD	10.88	10.89	-0.01
AA1	A0047	台新投信	T4720Y	17602821	台新2000高科技基金	TWD	25.05	25.15	-0.1
AD1	A0047	台新投信	T4719Y	19341387	台新1699貨幣市場基金	TWD	13.2914	13.2912	0.0002
AB1	A0047	台新投信	T4703Y	21719942	台新高股息平衡基金	TWD	21.839	21.8593	-0.0203
AA2	A0047	台新投信	T4711Y	25691213	台新中國精選中小基金	TWD	10.64	10.69	-0.05
AA2	A0047	台新投信	T4737Y	26291783	台新新興傘型基金之台新新興歐洲基金	TWD	5.46	5.5	-0.04
AA2	A0047	台新投信	T4738Y	26291799	台新新興傘型基金之台新拉丁美洲基金	TWD	6.23	6.24	-0.01
AA2	A0047	台新投信	T4739Y	26322646	台新印度基金	TWD	14.36	14.35	0.01
AC23	A0047	台新投信	T4744A	31829551A	台新亞澳高收益債券基金(累計型)	TWD	10.8529	10.825	0.0279
AC23	A0047	台新投信	T4744B	31829551B	台新亞澳高收益債券基金(月配息型)	TWD	9.5214	9.497	0.0244
AC23	A0047	台新投信	T4744C	31829551C	台新亞澳高收益債券基金(累計型)-USD	USD	0.3444	0.3455	-0.0011
AC23	A0047	台新投信	T4744D	31829551D	台新亞澳高收益債券基金(月配息型)-USD	USD	0.3022	0.3031	-0.0009
AI2	A0047	台新投信	T4746Y	31897939	台新羅傑斯環球資源指數基金	TWD	10.16	10.169	-0.009
AC21	A0047	台新投信	T4748A	31969530A	台新新興市場債券基金(A類型)	TWD	9.9221	9.8624	0.0597
AC21	A0047	台新投信	T4748B	31969530B	台新新興市場債券基金(B類型)	TWD	9.0129	8.9587	0.0542
AI2	A0047	台新投信	T4750Y	38527497	台新中國傘型基金之台新中証消費服務領先指數基金	TWD	12.879	12.937	-0.058
AD2	A0047	台新投信	T4751Y	38527519	台新中國傘型基金之台新人民幣貨幣市場基金	CNY	10.1682	10.1674	0.0008
AG	A0047	台新投信	T4717Y	48753605A	台新北美收益資產證券化基金(A)	TWD	19.77	19.65	0.12
AG	A0047	台新投信	T4717B	48753605B	台新北美收益資產證券化基金(B)	TWD	17.86	17.75	0.11
AG	A0047	台新投信	T4717C	48753605C	台新北美收益資產證券化基金(A)-USD	USD	0.6294	0.6292	0.0002
AG	A0047	台新投信	T4717D	48753605D	台新北美收益資產證券化基金(B)-USD	USD	0.5686	0.5681	0.0005
AA1	A0047	台新投信	T4706Y	48858663	台新主流基金	TWD	16.2	16.24	-0.04
AC21	A0047	台新投信	T4732Y	48870809	台新亞美短期債券基金	TWD	10.3996	10.3824	0.0172
AD1	A0047	台新投信	T4713Y	73987460	台新大眾貨幣市場基金	TWD	13.9575	13.9572	0.0003
AA1	A0047	台新投信	T4714Y	80894446	台新中國通基金	TWD	27.64	27.68	-0.04
AA1	A0047	台新投信	T4712Y	81588536	台新台灣中小基金	TWD	22.95	23.04	-0.09
AD1	A0047	台新投信	T4702Y	99949293	台新真吉利貨幣市場基金	TWD	10.9416	10.9414	0.0002
AA1	A0048	合庫投信	T4801Y	26320632	合庫台灣基金	TWD	11.1	11.19	-0.09
AC23	A0048	合庫投信	T4804A	31890485A	合庫全球高收益債券基金A類型	TWD	10.7639	10.7539	0.01
AC23	A0048	合庫投信	T4804B	31890485B	合庫全球高收益債券基金B類型	TWD	9.5584	9.5495	0.0089
AC23	A0048	合庫投信	T4804C	31890485C	合庫全球高收益債券基金A類型(美元)	USD	9.9476	9.9505	-0.0029
AC23	A0048	合庫投信	T4804D	31890485D	合庫全球高收益債券基金B類型(美元)	USD	9.8101	9.8097	0.0004
AC23	A0048	合庫投信	T4804E	31890485E	合庫全球高收益債券基金A類型(澳幣)	AUD	10.0605	9.9993	0.0612
AC23	A0048	合庫投信	T4804F	31890485F	合庫全球高收益債券基金B類型(澳幣)	AUD	10.1915	10.0097	0.1818
AC23	A0048	合庫投信	T4804G	31890485G	合庫全球高收益債券託基金A類型(人民幣)	CNY	10.139	10.1231	0.0159
AC23	A0048	合庫投信	T4804H	31890485H	合庫全球高收益債券基金B類型(人民幣)	CNY	10.1136	10.0932	0.0204
AA2	A0048	合庫投信	T4805Y	31922640	合庫全球新興市場基金	TWD	9.99	10.08	-0.09
AE22	A0048	合庫投信	T4806A	31972676A	合庫新興多重收益基金A類型	TWD	10.2	10.18	0.02
AE22	A0048	合庫投信	T4806B	31972676B	合庫新興多重收益基金B類型	TWD	9.5544	9.5357	0.0187
AE22	A0048	合庫投信	T4806E	31972676C	合庫新興多重收益證券投資信託基金A類型(南非幣)	ZAR	9.9511	9.9373	0.0138
AE22	A0048	合庫投信	T4806F	31972676D	合庫新興多重收益證券投資信託基金B類型(南非幣)	ZAR	9.9503	9.9368	0.0135
AE22	A0048	合庫投信	T4806C	31972676E	合庫新興多重收益證券投資信託基金A類型(人民幣)	CNY	10.0609	10.0412	0.0197
AE22	A0048	合庫投信	T4806D	31972676F	合庫新興多重收益證券投資信託基金B類型(人民幣)	CNY	9.8368	9.8297	0.0071
